;Test;Delta Oz;Theta Oz;Alpha Oz;Beta Oz;Delta O1;Theta O1;Alpha O1;Beta O1;Delta PO7;Theta PO7;Alpha PO7;Beta PO7;Delta O2;Theta O2;Alpha O2;Beta O2;Delta PO8;Theta PO8;Alpha PO8;Beta PO8;Delta PO3;Theta PO3;Alpha PO3;Beta PO3;Delta PO4;Theta PO4;Alpha PO4;Beta PO4;Delta;Theta;Alpha ;Beta
S2;Reposo_EEG _AO;0.223564648;0.302267365;0.25056653;0.217138557;0.223374205;0.300796597;0.251070372;0.218394014;0.217142816;0.294951174;0.264642765;0.217007351;0.218012633;0.301948512;0.273211588;0.202064522;0.202376048;0.291331053;0.302612255;0.199434137;0.223408462;0.300372116;0.265580048;0.205317174;0.212930012;0.287635722;0.304575234;0.191080526;0.304161765;0.415860508;0.382451759;0.290087256
S3;Reposo_EEG _AO;0.38482978;0.235400186;0.122562137;0.254812404;0.357508683;0.230215062;0.126604126;0.283402926;0.350047669;0.233381259;0.1396253;0.274532411;0.383679632;0.236708288;0.130391388;0.246563236;0.320720533;0.242845782;0.146272115;0.285559555;0.369231657;0.225693865;0.13952911;0.262914634;0.388536021;0.225811023;0.134087844;0.249031321;0.510910795;0.326011093;0.187814404;0.371363297
S5;Reposo_EEG _AO;0.110752134;0.153054229;0.449096886;0.284377733;0.088991357;0.11572212;0.518588095;0.274127551;0.081032251;0.114412737;0.55087142;0.250918289;0.125037922;0.168563615;0.420933885;0.281805686;0.109809484;0.149086132;0.448202458;0.289221199;0.085845453;0.125032286;0.521549852;0.26515559;0.127163702;0.176645365;0.403637736;0.289492106;0.14572646;0.200503297;0.662576067;0.387019631
S6;Reposo_EEG _AO;0.111712469;0.191604924;0.457800715;0.23655528;0.099636972;0.176986192;0.465112317;0.255410721;0.0987521;0.169732017;0.44348046;0.284417503;0.079684048;0.170634186;0.519531611;0.227066704;0.067814639;0.12366118;0.58959016;0.216080867;0.110510782;0.173741499;0.480431826;0.232722755;0.087814963;0.162935527;0.53825568;0.208802056;0.131185195;0.233859105;0.698840554;0.332211177
S7;Reposo_EEG _AO;0.293646063;0.386129367;0.155232022;0.163001018;0.241041061;0.403008639;0.163014841;0.190502953;0.242040616;0.384532556;0.174766754;0.196394436;0.27970737;0.387364085;0.170595671;0.159908077;0.278120866;0.36874608;0.188463673;0.162360259;0.268360045;0.424646398;0.148513806;0.15623346;0.308148741;0.376464271;0.161218551;0.15225723;0.382212952;0.546178279;0.232361064;0.236131487
S10;Reposo_EEG _AO;0.246609056;0.23683117;0.336091925;0.177470457;0.256884455;0.241994178;0.310615781;0.187885773;0.265809228;0.24264072;0.290068507;0.198848371;0.220334649;0.217653661;0.383766274;0.174874972;0.196128998;0.198185821;0.425224537;0.176913232;0.294284282;0.259197243;0.2739192;0.170381588;0.242256423;0.225929062;0.368461239;0.16053525;0.344461418;0.324486371;0.477629493;0.249381929
S11;Reposo_EEG _AO;0.107918856;0.198125933;0.540779804;0.150690529;0.107334827;0.191408214;0.545139555;0.153532065;0.100198234;0.194850199;0.556863182;0.145907343;0.095796882;0.173971959;0.575490842;0.152029393;0.08637745;0.163015681;0.608219868;0.140459957;0.089232345;0.167117927;0.614526795;0.127338318;0.080162008;0.139858596;0.650787335;0.127348655;0.13340412;0.245669702;0.818361476;0.199461252
S13;Reposo_EEG _AO;0.209559413;0.272558354;0.138691475;0.37358001;0.207609646;0.2521648;0.142292032;0.392025795;0.205016302;0.24819249;0.141208594;0.399948249;0.208937709;0.264245339;0.142731533;0.37905307;0.219430165;0.267930815;0.137805527;0.369772051;0.208800543;0.285858091;0.137025655;0.361952131;0.211313199;0.285910866;0.141322664;0.35619293;0.294133396;0.375372151;0.196215496;0.526504847
S14;Reposo_EEG _AO;0.263991999;0.224382467;0.310648872;0.197631742;0.223017929;0.237067836;0.309294561;0.225207702;0.172179242;0.184219732;0.272454953;0.353248884;0.24423628;0.249926298;0.312257811;0.190509378;0.25854972;0.241018311;0.300158004;0.197424247;0.221286576;0.23983892;0.31580145;0.220283306;0.231135049;0.249733987;0.318881489;0.197974798;0.322879359;0.32523751;0.427899428;0.316456011
S16;Reposo_EEG _AO;0.369573699;0.344578042;0.12405453;0.157456821;0.377536007;0.30949689;0.128724891;0.178936286;0.377711543;0.330841314;0.11985414;0.167226321;0.348911116;0.358840305;0.123973044;0.162825406;0.371498553;0.349115313;0.099276348;0.173993645;0.450643828;0.30666246;0.112083814;0.126977174;0.435715191;0.335957181;0.105327757;0.119324418;0.546317987;0.467098301;0.162658905;0.217348014
S18;Reposo_EEG _AO;0.212635174;0.302692848;0.245805987;0.236541399;0.210415129;0.299511963;0.257049698;0.230792386;0.192235495;0.286487466;0.291853053;0.227084099;0.221134784;0.283845321;0.250945231;0.241935131;0.22098562;0.266616492;0.260905937;0.249239039;0.200799016;0.283060694;0.266510103;0.247032194;0.219871332;0.277892064;0.25168679;0.247952615;0.29561531;0.400021369;0.36495136;0.336115373
S19;Reposo_EEG _AO;0.208907798;0.314295403;0.288917434;0.185213647;0.194249002;0.312136741;0.303132837;0.186979681;0.158416111;0.292027139;0.324836917;0.216715086;0.218040911;0.315225591;0.287810549;0.1767035;0.19856675;0.310134957;0.323526439;0.165880357;0.169791071;0.295906669;0.332142751;0.199201726;0.208645218;0.282685678;0.325684395;0.180950638;0.271323372;0.424482436;0.437210264;0.262328927
S20;Reposo_EEG _AO;0.424227998;0.268283831;0.162228582;0.144378231;0.348802484;0.283646888;0.195876724;0.170714412;0.362043234;0.256891364;0.206564832;0.173487456;0.365416922;0.281869247;0.174309393;0.177188928;0.369661617;0.26938449;0.172613646;0.186952961;0.34824632;0.290778647;0.201265422;0.158352861;0.362198607;0.282944663;0.201259084;0.152600309;0.516119436;0.386759826;0.262823537;0.232735031
S22;Reposo_EEG _AO;0.22033672;0.201525427;0.129016347;0.429747419;0.190498215;0.195006415;0.145522477;0.447635105;0.193061303;0.199934857;0.141068529;0.445204837;0.206676306;0.201720627;0.13488703;0.436616207;0.211595374;0.19623108;0.134079068;0.437162175;0.185015332;0.205809218;0.139462601;0.44895522;0.194356393;0.184114801;0.152477146;0.449194651;0.280307929;0.276868485;0.195302639;0.618903123
S24;Reposo_EEG _AO;0.239411385;0.328904913;0.241296463;0.18863771;0.240370793;0.319411655;0.243177533;0.19542511;0.202155512;0.325057324;0.252441217;0.218258452;0.254051642;0.317072582;0.242434016;0.184629165;0.251908258;0.314137175;0.246602561;0.185177967;0.214320914;0.302759909;0.278002571;0.202885883;0.235113027;0.312046024;0.262522301;0.18847266;0.327466306;0.443877916;0.353295332;0.27269739
S25;Reposo_EEG _AO;0.203035909;0.234400368;0.155910795;0.397782166;0.205159018;0.226938112;0.149632431;0.408746934;0.221664027;0.201085716;0.138793541;0.429194044;0.199956758;0.196485487;0.156606895;0.437682512;0.190372416;0.155445731;0.149592498;0.496484936;0.215515313;0.246881629;0.141802539;0.387690993;0.209835645;0.225282317;0.149031866;0.408813656;0.289107817;0.297303872;0.208274113;0.593279048
S26;Reposo_EEG _AO;0.144811569;0.308471197;0.290405214;0.252100185;0.106667741;0.284958427;0.322122833;0.28171209;0.120779708;0.265235242;0.306862772;0.301535889;0.111205401;0.275252984;0.355667935;0.253396548;0.181740527;0.290650668;0.307789517;0.216189281;0.108196491;0.276175787;0.341593157;0.268870368;0.123263153;0.266032416;0.367286178;0.240273672;0.179332918;0.393355344;0.458345521;0.362815606
S28;Reposo_EEG _AO;0.357907058;0.310736037;0.17287582;0.155866076;0.3315653;0.282912267;0.213554458;0.169020213;0.307643022;0.274629428;0.224436749;0.190895214;0.250511008;0.230766891;0.294242425;0.220690711;0.237961764;0.197263978;0.309177327;0.251552894;0.321839386;0.257233151;0.23483198;0.183899733;0.271194403;0.197186223;0.304128038;0.224809244;0.415724388;0.350145595;0.350649359;0.279346817
S29;Reposo_EEG _AO;0.162714701;0.193922579;0.367522353;0.266157547;0.154309924;0.177258138;0.414996878;0.245241127;0.132096498;0.135786484;0.493490418;0.229806831;0.129701826;0.14702056;0.476035218;0.240160425;0.097922532;0.098799417;0.604340973;0.193479573;0.241189815;0.231184336;0.275026318;0.24474946;0.197180419;0.191324817;0.370136784;0.234247808;0.223023143;0.235059266;0.600309789;0.330768554
S30;Reposo_EEG _AO;0.099574717;0.21903878;0.30496989;0.373057443;0.096038307;0.197132851;0.335455876;0.36805825;0.086734753;0.168977153;0.370465067;0.371330794;0.154383399;0.22244639;0.241828433;0.376633684;0.090562305;0.150537415;0.390410692;0.365991777;0.091672552;0.191655905;0.359814848;0.353708921;0.088533424;0.173361148;0.402067431;0.333328589;0.141499892;0.264629929;0.481002447;0.508421891
S31;Reposo_EEG _AO;0.332572975;0.221793754;0.178524881;0.263416601;0.254903567;0.237650759;0.1976286;0.305645927;0.295529222;0.20598426;0.1887101;0.305597726;0.402879146;0.212576213;0.154431068;0.226210881;0.395832855;0.218553743;0.150286225;0.231288848;0.397570158;0.240777857;0.152705095;0.205652264;0.381141263;0.247973513;0.159816717;0.207936996;0.492085837;0.317062019;0.236420537;0.349149848
S32;Reposo_EEG _AO;0.135092203;0.264566946;0.300307173;0.297525903;0.142777814;0.251293749;0.304473909;0.298868291;0.142449765;0.246160857;0.303882272;0.304761345;0.125651225;0.261497754;0.294430377;0.31592944;0.120902781;0.251122552;0.274343701;0.349561891;0.151541079;0.274944994;0.312648489;0.258629931;0.145032553;0.319095456;0.274744256;0.258947772;0.192689484;0.373736462;0.412966035;0.416844914
S33;Reposo_EEG _AO;0.127308335;0.148879039;0.293399001;0.425481378;0.107284326;0.139234954;0.296270831;0.4521383;0.114386467;0.147709235;0.270234805;0.462877841;0.117717359;0.143687827;0.359527066;0.373423851;0.108257725;0.143725675;0.307326839;0.431340867;0.108313136;0.155339716;0.311695177;0.419543671;0.102772078;0.142721984;0.392748942;0.357833804;0.157207885;0.204259686;0.446240532;0.584527942
S34;Reposo_EEG _AO;0.045399437;0.076905082;0.781278527;0.095307921;0.043954555;0.071277148;0.784691356;0.09899703;0.045785304;0.078846606;0.775223788;0.098888898;0.039615549;0.071220959;0.796896484;0.091306553;0.042578663;0.086604328;0.763937099;0.105626554;0.050725451;0.094243387;0.765547498;0.088346459;0.034925843;0.070477373;0.813711022;0.079965416;0.06059696;0.109914977;1.096257155;0.131687766
S35;Reposo_EEG _AO;0.35630153;0.252131909;0.11462818;0.269699643;0.324886279;0.24301484;0.123534162;0.299966178;0.310997426;0.239738956;0.124398273;0.315149121;0.343673898;0.256255608;0.126056649;0.266478597;0.328814639;0.225193653;0.125203237;0.309423959;0.331460169;0.274690503;0.132563431;0.254409017;0.334820651;0.257236631;0.140694699;0.261296069;0.466190918;0.34965242;0.177415726;0.395284517
S36;Reposo_EEG _AO;0.178046755;0.200275421;0.28473756;0.328809057;0.172578561;0.199721795;0.299678826;0.31991647;0.145507249;0.180946345;0.305746563;0.358012209;0.16298835;0.185436712;0.302286148;0.339109236;0.149637855;0.161169638;0.219932346;0.449812869;0.218207589;0.223049474;0.302874468;0.250234607;0.211830707;0.23132818;0.275472133;0.274551636;0.247759413;0.276385513;0.398145609;0.464089217
S37;Reposo_EEG _AO;0.247093116;0.228397806;0.246316715;0.276595017;0.230123995;0.217936249;0.262203077;0.288383921;0.228348564;0.23360341;0.247575981;0.288801512;0.225936761;0.212119916;0.255843299;0.303950589;0.16581619;0.157410998;0.314448585;0.360410712;0.242773223;0.223567765;0.257268779;0.275067453;0.252141979;0.215620576;0.254907877;0.275653337;0.318446765;0.297731344;0.367712863;0.413772508
S2;Reposo_EEG;0.084274014;0.201487068;0.537996972;0.169335418;0.083492737;0.200760923;0.538751744;0.16987547;0.067856455;0.188955201;0.543849361;0.190170045;0.081104719;0.194648414;0.584956492;0.135584374;0.074135429;0.176936037;0.62357283;0.122506043;0.080595194;0.18765046;0.575794581;0.1506192;0.093265623;0.175971458;0.606816522;0.121315516;0.112944834;0.265281912;0.8023477;0.211881213
S3;Reposo_EEG;0.129752836;0.141818082;0.294098256;0.432593025;0.137386623;0.146578058;0.273500989;0.440725977;0.132268275;0.124758193;0.296098425;0.445474499;0.12405103;0.14986166;0.292767322;0.43116859;0.117722647;0.134366921;0.326008894;0.419545286;0.137935314;0.154424897;0.303012867;0.402711727;0.106070589;0.142049078;0.316296015;0.433546736;0.177037463;0.198771378;0.420356553;0.601153168
S5;Reposo_EEG;0.058222969;0.080276474;0.509030069;0.350691699;0.042929939;0.076272608;0.506356403;0.372803117;0.050821414;0.069161978;0.495685695;0.381933957;0.065829075;0.077831878;0.520608574;0.333886421;0.062960263;0.074216503;0.517960949;0.343499265;0.058014835;0.085560574;0.510927627;0.343518885;0.067935013;0.09032141;0.535233769;0.305048547;0.081342701;0.110728285;0.719160617;0.486276378
S6;Reposo_EEG;0.072897328;0.12568435;0.60266697;0.19572306;0.066087988;0.117934464;0.603641541;0.20819975;0.055440901;0.102793799;0.582101205;0.252789277;0.05406354;0.102417742;0.654833434;0.184947108;0.038786852;0.071394729;0.70462328;0.181756042;0.073082035;0.128085568;0.625195472;0.170231801;0.058788424;0.115990647;0.681652868;0.141401869;0.083829414;0.15286026;0.890942954;0.267009781
S7;Reposo_EEG;0.195539237;0.253267508;0.347262422;0.200275812;0.15855454;0.266646694;0.359443143;0.211417661;0.156931109;0.252491269;0.379088662;0.207804818;0.170393997;0.278704308;0.360059402;0.186546714;0.139847258;0.239731323;0.410081092;0.206549316;0.345687892;0.270756186;0.245045724;0.136244695;0.29696162;0.252204039;0.28388234;0.163836097;0.292783131;0.362760265;0.476972557;0.262535023
S10;Reposo_EEG;0.046024186;0.105495539;0.740327578;0.105825812;0.045309523;0.093219522;0.75929807;0.099796927;0.043519559;0.087231073;0.769436707;0.097460807;0.041012058;0.098803337;0.754936971;0.103075129;0.034868353;0.088789628;0.77755804;0.096708987;0.046193447;0.093936942;0.765477421;0.092373541;0.043955778;0.098877623;0.763893676;0.091338042;0.060176581;0.133270733;1.066185693;0.137315849
S11;Reposo_EEG;0.05679092;0.068744778;0.778342223;0.094905793;0.051489402;0.064253821;0.797350097;0.085788797;0.043072873;0.061359782;0.810671873;0.084004112;0.051493335;0.062695526;0.793337998;0.091123907;0.04110516;0.056460826;0.811308672;0.08980122;0.031568283;0.047074548;0.855349911;0.065156848;0.03746695;0.048309865;0.836486006;0.076504416;0.062597385;0.081779829;1.136569356;0.117457019
S13;Reposo_EEG;0.205198193;0.222247612;0.185734879;0.382843269;0.205640154;0.210230255;0.190310994;0.389873285;0.200816508;0.198999236;0.189236053;0.407081704;0.187757332;0.209992699;0.185012866;0.413346532;0.198008991;0.204013031;0.176979476;0.417026588;0.238803662;0.213285371;0.179642319;0.363479144;0.216491557;0.21398506;0.177336253;0.387947785;0.29054328;0.294550653;0.256850568;0.552319661
S14;Reposo_EEG;0.123002082;0.142456723;0.58786154;0.145013898;0.126304707;0.127040883;0.595312326;0.149850794;0.103355641;0.117978938;0.558598567;0.21689476;0.12021412;0.147800602;0.594594293;0.135603073;0.108041335;0.155264965;0.601669467;0.133237411;0.104588152;0.123508032;0.61569175;0.155165385;0.102167991;0.122565062;0.641945216;0.132045402;0.157534806;0.187323041;0.839134632;0.213562145
S16;Reposo_EEG;0.134461145;0.163576543;0.52949572;0.170416137;0.136523999;0.156807294;0.520389682;0.183351454;0.142407747;0.177374263;0.493909806;0.18347398;0.125929296;0.160636355;0.544024657;0.167247377;0.121589104;0.16366663;0.536104393;0.176562937;0.109080276;0.131132771;0.612963738;0.144644588;0.092704736;0.122660862;0.645231115;0.137944252;0.172539261;0.215170944;0.776423822;0.232728145
S18;Reposo_EEG;0.155612236;0.276217385;0.296412815;0.268988361;0.119584201;0.287792747;0.302316421;0.286603997;0.105493986;0.283351864;0.330677626;0.277263786;0.175189426;0.285986362;0.268347169;0.268218059;0.137233415;0.256838635;0.31231903;0.291139679;0.121613763;0.285533985;0.325670435;0.265308946;0.144361535;0.264492789;0.308695979;0.280332775;0.191817713;0.388042753;0.428887895;0.387571121
S19;Reposo_EEG;0.103513269;0.230890014;0.533972493;0.129876276;0.108123172;0.23844013;0.518638562;0.133099188;0.111965062;0.243446989;0.47608103;0.165653428;0.099811215;0.230330994;0.538658858;0.129411281;0.11556619;0.226280017;0.526141606;0.130338387;0.085046777;0.223479545;0.55585678;0.134386136;0.084291412;0.225685122;0.565898639;0.122719424;0.14166342;0.323710562;0.743049594;0.189096824
S20;Reposo_EEG;0.097505912;0.103204504;0.670500556;0.128141749;0.10122153;0.080481046;0.681340204;0.136400654;0.042247567;0.055585418;0.756867641;0.144876796;0.034982956;0.052466735;0.769281474;0.142857713;0.02913605;0.045190497;0.785569599;0.13967444;0.042417678;0.049767387;0.779482347;0.127819821;0.029788932;0.041852214;0.807199437;0.120736381;0.075460125;0.08570956;1.050048252;0.188101511
S22;Reposo_EEG;0.113077965;0.129640326;0.309647611;0.424037747;0.1080997;0.128582199;0.31900108;0.421228605;0.1098059;0.127430073;0.314947978;0.423937009;0.094786144;0.130564771;0.336226715;0.415984095;0.095199619;0.147549071;0.318398548;0.417462685;0.110001698;0.122759145;0.316977783;0.426206692;0.094227341;0.120121505;0.353787593;0.410653648;0.145039674;0.181329418;0.453797461;0.587902096
S24;Reposo_EEG;0.078346676;0.069474141;0.792051919;0.059393913;0.08279501;0.078083517;0.770156083;0.068157886;0.064226531;0.062851647;0.808185233;0.064164068;0.053198029;0.054839072;0.842817036;0.048569557;0.042544261;0.052886855;0.85221934;0.051757018;0.080062252;0.07366373;0.776250498;0.069276828;0.035923389;0.039244859;0.881932043;0.042454895;0.08741923;0.086208764;1.14472243;0.080754833
S25;Reposo_EEG;0.094669445;0.133350225;0.236356026;0.525523254;0.093708012;0.126863936;0.253590644;0.517700601;0.099491801;0.138074871;0.226473139;0.524235744;0.08589375;0.124422586;0.235741701;0.541701586;0.065040865;0.12175537;0.221477945;0.577965053;0.09904685;0.133063834;0.243375879;0.517899892;0.094552449;0.127182117;0.223016303;0.546832167;0.126480635;0.180942588;0.328006327;0.750371659
S26;Reposo_EEG;0.100323978;0.240852873;0.400259025;0.255348224;0.070205611;0.200211225;0.492245034;0.234337789;0.066460989;0.17700482;0.527055816;0.226406766;0.066803499;0.193632242;0.487046389;0.2493697;0.100763818;0.196148564;0.478841123;0.220487748;0.073562239;0.16102521;0.555873369;0.206285888;0.065192313;0.151400196;0.567816269;0.213221611;0.108662489;0.264055026;0.701827405;0.321091545
S28;Reposo_EEG;0.221513101;0.191018996;0.437418045;0.148275076;0.198359133;0.172150815;0.477746093;0.150144877;0.157116403;0.143626708;0.552179504;0.14570856;0.123328745;0.149277936;0.581875593;0.143091729;0.117145157;0.111966041;0.63779645;0.130664178;0.143733854;0.123097864;0.585997645;0.145743374;0.126246738;0.115067167;0.611126567;0.145546384;0.217488626;0.201241105;0.776827979;0.201834836
S29;Reposo_EEG;0.053648048;0.071127437;0.706106795;0.164252818;0.045665419;0.058888378;0.765970656;0.126010739;0.028228115;0.052914354;0.816829075;0.099484264;0.043429823;0.060823502;0.733873053;0.158165045;0.034179991;0.04826434;0.781363657;0.133197988;0.046246199;0.06283041;0.753884789;0.13331933;0.048287588;0.069335593;0.713474512;0.164656661;0.059937037;0.084836803;1.054300508;0.195817369
S30;Reposo_EEG;0.109020954;0.167148824;0.389120703;0.333325484;0.110316437;0.161542263;0.398076657;0.328710069;0.103283028;0.16576043;0.391556433;0.338243318;0.150965101;0.193583139;0.363936744;0.289689343;0.128146459;0.177441737;0.426818208;0.26579849;0.075411093;0.163956507;0.455696995;0.303865522;0.094414028;0.17496893;0.45063017;0.278511727;0.15431142;0.240880366;0.575167182;0.42762879
S31;Reposo_EEG;0.093786048;0.161263491;0.325434863;0.409929632;0.130580984;0.150593485;0.282721331;0.422632414;0.142365926;0.169839118;0.251039821;0.423556562;0.080004105;0.123703854;0.394214259;0.387738572;0.34452534;0.158019424;0.260640461;0.229698599;0.161693454;0.194004452;0.281665382;0.353105168;0.156077274;0.174281723;0.375403395;0.286808133;0.221806626;0.226341109;0.434223902;0.502693816
S32;Reposo_EEG;0.064721261;0.15075259;0.609652004;0.171638707;0.063999081;0.135569345;0.629769089;0.167591525;0.052718964;0.117964587;0.68102846;0.145736434;0.05658686;0.148889092;0.63010982;0.161154487;0.060132089;0.153159076;0.62902514;0.154868399;0.058625554;0.15557336;0.640799673;0.142347623;0.056792336;0.187485973;0.626235871;0.12751114;0.082715229;0.209878805;0.889324011;0.214169663
S33;Reposo_EEG;0.067415936;0.12233818;0.503529604;0.304329585;0.055035464;0.107520719;0.548375022;0.286809366;0.054054819;0.08868861;0.571271848;0.283674099;0.058147184;0.101091094;0.539734574;0.298488911;0.038822429;0.077181688;0.561048168;0.320704088;0.051387042;0.094111732;0.579852542;0.272712641;0.047945218;0.081007218;0.599775859;0.26916699;0.074561618;0.134387848;0.780717523;0.407177136
S34;Reposo_EEG;0.047777221;0.07715967;0.780099639;0.093708844;0.044586525;0.066605141;0.800791571;0.086895069;0.046656482;0.074011138;0.793863152;0.084330103;0.035348574;0.065641838;0.803401305;0.094379906;0.036831424;0.069560036;0.785364031;0.106805822;0.045589484;0.062559249;0.807979554;0.082828132;0.0379047;0.054962245;0.826987477;0.079287782;0.058938882;0.094099863;1.119697346;0.125647131
S35;Reposo_EEG;0.283679613;0.242306595;0.185644072;0.276834768;0.27637099;0.246047408;0.188452628;0.281441437;0.311721117;0.234267008;0.19004269;0.254388961;0.269661326;0.232254636;0.196970867;0.290384307;0.232579052;0.202883898;0.198840361;0.3537397;0.303529208;0.233005685;0.216173783;0.240748452;0.252627672;0.211833753;0.205627664;0.322076274;0.386033796;0.320519797;0.276350413;0.40392278
S36;Reposo_EEG;0.050778443;0.170920042;0.693038836;0.084680919;0.043634313;0.144978771;0.741757111;0.069105324;0.050463418;0.150018482;0.737321401;0.061490569;0.041193507;0.169599968;0.71451984;0.074143313;0.044704711;0.163814429;0.739519244;0.05151669;0.035949179;0.140928026;0.769017427;0.053788978;0.037236274;0.176121329;0.727092245;0.059191668;0.060791969;0.223276209;1.024453221;0.090783492
S37;Reposo_EEG;0.049722266;0.158464239;0.650777495;0.14018558;0.046128583;0.1330908;0.692520689;0.127616783;0.050186488;0.13553047;0.676597489;0.136934332;0.04879379;0.14582062;0.663685117;0.140785052;0.038303725;0.095147933;0.736247673;0.129551319;0.049970989;0.136767192;0.678470003;0.134096957;0.046292201;0.128236199;0.686550576;0.138036824;0.065879608;0.186611491;0.956969809;0.189441369
S2;acuity_both;0.181081682;0.405836862;0.227455402;0.181379482;0.180080448;0.405560165;0.228206659;0.181875908;0.159498302;0.378013269;0.255079951;0.202981355;0.181574011;0.41849178;0.220903803;0.175501615;0.160212649;0.413860791;0.235242788;0.186853271;0.181532267;0.398478085;0.233795191;0.182301687;0.153447977;0.426871712;0.234010488;0.181938928;0.239485467;0.569422533;0.326938856;0.258566449
S3;acuity_both;0.410708666;0.241469203;0.156148152;0.188337266;0.387522324;0.241348818;0.158684537;0.208964951;0.432672776;0.234635404;0.133774495;0.195125037;0.410967358;0.259708708;0.143687286;0.182644342;0.412048069;0.231650959;0.159063211;0.193822147;0.378710106;0.25516738;0.16345041;0.198458853;0.405650194;0.237717851;0.153393626;0.199375592;0.567655898;0.340339665;0.213640343;0.273345637
S5;acuity_both;0.138780797;0.22923294;0.418557953;0.210266891;0.149360217;0.192655736;0.452164235;0.202222122;0.124861016;0.127913642;0.538976518;0.205391971;0.150607211;0.253570793;0.385057764;0.20832333;0.166372698;0.228780143;0.383684392;0.218505713;0.147678192;0.166522641;0.482820502;0.20069951;0.152792789;0.213428892;0.400704734;0.229500635;0.206090584;0.282420957;0.612393219;0.294982035
S6;acuity_both;0.208528923;0.321728;0.192358735;0.272400802;0.224048962;0.309086496;0.188561736;0.273800281;0.235796982;0.290963003;0.198641478;0.269185695;0.235989022;0.333100499;0.182734767;0.243362602;0.238011019;0.312576712;0.204364861;0.240393546;0.247891594;0.291710941;0.190898184;0.265483195;0.222612006;0.302774772;0.206306662;0.262501071;0.322575701;0.432388085;0.272773285;0.365425438
S7;acuity_both;0.23516288;0.440399619;0.150035787;0.170820852;0.228574164;0.433959221;0.154856673;0.179764727;0.217609592;0.436044318;0.156245466;0.18733138;0.268732348;0.439064401;0.137981395;0.150209308;0.274675909;0.416224391;0.148330035;0.156403521;0.314072733;0.410177725;0.127551759;0.145896531;0.245963181;0.426654547;0.158777563;0.165317744;0.356958162;0.600504844;0.206755735;0.231148813
S10;acuity_both;0.206119093;0.390247338;0.194413887;0.206358071;0.223689961;0.378658464;0.187234209;0.207061587;0.227439394;0.37591249;0.185540711;0.20752874;0.206222633;0.388443002;0.199817729;0.202385592;0.202645567;0.375435167;0.207640806;0.209516315;0.527329072;0.261745477;0.103505043;0.105810266;0.224252138;0.37288386;0.210324174;0.189498388;0.363539572;0.508665159;0.257695312;0.265631792
S11;acuity_both;0.145183923;0.346679876;0.24754604;0.255815823;0.154667006;0.348947138;0.239980781;0.25209527;0.172012092;0.361136093;0.224964891;0.237556541;0.134665004;0.32694417;0.253016174;0.279047572;0.140898379;0.313961764;0.265050648;0.272799221;0.15877258;0.327104098;0.279105504;0.231451852;0.151210282;0.302436018;0.287311929;0.254229839;0.211481853;0.465441832;0.359395194;0.356599224
S13;acuity_both;0.240999903;0.355711086;0.146295037;0.25267408;0.22360021;0.351373034;0.150129172;0.270059116;0.223849009;0.335196805;0.140069041;0.295582521;0.220018683;0.341069592;0.158099946;0.276316081;0.202112024;0.326475704;0.160966894;0.30431411;0.220238301;0.313593468;0.155720462;0.305816321;0.21029894;0.320143526;0.16562895;0.299247959;0.308223414;0.468712643;0.2153819;0.400802038
S14;acuity_both;0.220513884;0.211096672;0.353255608;0.211445467;0.200123432;0.19150211;0.357846747;0.245249933;0.169843696;0.15167723;0.267840147;0.391437982;0.252495165;0.199387707;0.34681623;0.198425947;0.189710142;0.213394937;0.372002896;0.221309033;0.197107479;0.212182413;0.370964051;0.216936674;0.210911696;0.195748697;0.376588868;0.214334121;0.288141099;0.274997953;0.48906291;0.339827832
S16;acuity_both;0.198096562;0.339633031;0.235576849;0.222909013;0.218903526;0.297318624;0.238655437;0.241101413;0.223198381;0.285363924;0.253475217;0.234706212;0.187775918;0.326867903;0.239603133;0.241173592;0.193345283;0.336137136;0.214506176;0.250362957;0.201059776;0.280598324;0.290906481;0.224629283;0.219916646;0.308758119;0.249880867;0.218812088;0.288459219;0.434935412;0.344520832;0.326738912
S18;acuity_both;0.11213466;0.31278877;0.18398553;0.386777283;0.113562029;0.316277394;0.177787667;0.388158002;0.107958071;0.317461692;0.187459041;0.383027946;0.115284515;0.311902203;0.183126359;0.384471779;0.116571919;0.299847173;0.195248624;0.383301707;0.105330143;0.290117782;0.206305051;0.394231922;0.096915711;0.281408157;0.217348908;0.398875661;0.153551409;0.425960634;0.270252236;0.54376886
S19;acuity_both;0.167032594;0.45325216;0.219127066;0.157877599;0.16742857;0.417047314;0.250953687;0.161529111;0.154742254;0.362856446;0.273588492;0.20431409;0.16816091;0.455424787;0.214257955;0.159720915;0.186202927;0.389567818;0.253195567;0.168692461;0.159355461;0.363914788;0.296027379;0.17737006;0.151904601;0.444918189;0.247606782;0.152740547;0.230965463;0.5773963;0.350951386;0.236448956
S20;acuity_both;0.219495369;0.399496041;0.193513651;0.186558942;0.225839026;0.365849405;0.211302545;0.196139284;0.275897114;0.291882289;0.234089008;0.196841067;0.244493965;0.385470524;0.194480732;0.1745484;0.277875226;0.350651938;0.210406874;0.159891543;0.239860284;0.321052641;0.239047153;0.198962154;0.242051207;0.370030378;0.213002225;0.173940622;0.345102438;0.496886643;0.299168438;0.257376402
S22;acuity_both;0.233670257;0.365255985;0.149052652;0.22306385;0.24259786;0.340178142;0.139575667;0.244638557;0.269046191;0.277078427;0.1328215;0.28052835;0.236612843;0.363248955;0.148312132;0.222139769;0.278333486;0.296016989;0.143386161;0.247116142;0.244614309;0.316866446;0.129739928;0.272777721;0.230352071;0.357671662;0.145262991;0.235971181;0.347045403;0.463263321;0.197630206;0.345247114
S24;acuity_both;0.179412181;0.282030803;0.326924906;0.208431415;0.177298547;0.284803538;0.307517118;0.227107514;0.206722967;0.294856724;0.270869865;0.223310837;0.184038961;0.295835252;0.306958885;0.209653711;0.168740703;0.340938565;0.281812073;0.204832551;0.148351351;0.268028715;0.347892618;0.233320597;0.152943495;0.323141233;0.320811296;0.200705508;0.243501641;0.417926966;0.432557353;0.301472427
S25;acuity_both;0.21615149;0.299673105;0.172496324;0.305429873;0.217473432;0.262193281;0.173573039;0.339452561;0.243067838;0.233367115;0.163514838;0.352807268;0.212596912;0.254872471;0.182754936;0.342925701;0.209189919;0.234098344;0.187955413;0.361217593;0.239563912;0.260238769;0.188620114;0.306111322;0.220990749;0.271154816;0.202122043;0.299493467;0.31180685;0.36311958;0.254207342;0.461487557
S26;acuity_both;0.122378288;0.394166937;0.253908424;0.226716276;0.10680778;0.363368715;0.287906181;0.238950334;0.104695515;0.326271917;0.311721754;0.254180674;0.115471189;0.375453082;0.248655586;0.255988018;0.147205933;0.314387927;0.259303898;0.272975817;0.11627359;0.360566527;0.283164203;0.236072166;0.134419428;0.378543843;0.219455627;0.263202154;0.169450345;0.50255179;0.372823135;0.349617088
S28;acuity_both;0.298209024;0.351335702;0.18994838;0.156357069;0.349081226;0.334951144;0.170157541;0.142456681;0.342388503;0.339017703;0.159637946;0.155518207;0.298213742;0.325145148;0.193641073;0.177148335;0.259469398;0.309137697;0.192174606;0.231925532;0.342019845;0.348896686;0.171153639;0.13460687;0.322806083;0.327244567;0.188568185;0.157297159;0.442437564;0.467145729;0.253056274;0.231061971
S29;acuity_both;0.220446197;0.352452805;0.20669571;0.217538186;0.245473399;0.30700423;0.218308091;0.226314599;0.250055554;0.273949683;0.21833787;0.253615666;0.244384187;0.288171331;0.218796184;0.24473598;0.248423314;0.270741478;0.222604477;0.254923772;0.251986657;0.297810096;0.223596862;0.223767479;0.242025184;0.285803656;0.232767084;0.235601002;0.340558898;0.415186656;0.308221255;0.331299337
S30;acuity_both;0.12044644;0.260698179;0.246870481;0.368059104;0.148538226;0.227521804;0.240111752;0.379884461;0.10361903;0.186387;0.262571371;0.443041184;0.125894129;0.311530258;0.249285907;0.309270113;0.094479921;0.263424915;0.294052496;0.342663293;0.129621708;0.184130164;0.274610322;0.407970355;0.119489985;0.227504766;0.288869491;0.35991967;0.168417888;0.332239417;0.371274364;0.522161636
S31;acuity_both;0.188771258;0.408409736;0.192384451;0.207721912;0.15269306;0.380170858;0.207848349;0.255385578;0.186361236;0.290313832;0.207921431;0.31052923;0.225602179;0.350097381;0.18800559;0.23287588;0.35842872;0.283621236;0.159531269;0.19516842;0.234823937;0.388448536;0.182768602;0.190888861;0.238631825;0.413091454;0.170140852;0.174827149;0.317062443;0.502830607;0.261720109;0.313479406
S32;acuity_both;0.123622089;0.315202988;0.332173581;0.22594097;0.125118721;0.28831342;0.341562875;0.241359512;0.140986001;0.245982168;0.334410952;0.274458128;0.121234963;0.279159363;0.341161387;0.254154315;0.143038322;0.230749646;0.310380228;0.30930343;0.137716069;0.316623796;0.33076163;0.211911841;0.156417735;0.292681012;0.345576802;0.202391208;0.18962678;0.393742478;0.467205491;0.343903881
S33;acuity_both;0.17298424;0.260970784;0.198670975;0.353685238;0.150937311;0.275896542;0.208736989;0.350622664;0.160228588;0.252033077;0.204650166;0.367931537;0.178287905;0.275206124;0.189460155;0.344371239;0.175972551;0.238605209;0.166064709;0.404091139;0.174828194;0.282397775;0.224023836;0.306537233;0.18993671;0.290575677;0.196544169;0.312507259;0.2406351;0.375137038;0.2776302;0.487949262
S34;acuity_both;0.130844312;0.283429871;0.407075296;0.176565372;0.135777008;0.243042367;0.437663801;0.180556999;0.11789812;0.210196946;0.480536737;0.187834406;0.125067125;0.214679195;0.490069389;0.167953574;0.119266489;0.175137398;0.543319505;0.159572728;0.112705195;0.192387257;0.52748934;0.165113289;0.093880074;0.158751218;0.59904778;0.146198333;0.167087665;0.29552485;0.69704037;0.23675894
S35;acuity_both;0.180876289;0.429148632;0.164966853;0.220408608;0.178614278;0.430687254;0.157049211;0.2292575;0.175977977;0.351694996;0.134197917;0.329449557;0.191787335;0.381860604;0.141521061;0.27724918;0.148486328;0.186615755;0.110658998;0.521711253;0.230236494;0.388179998;0.147801445;0.229184099;0.291177628;0.302439147;0.131430954;0.26679464;0.279431266;0.494125277;0.197525288;0.414810967
S36;acuity_both;0.168350784;0.387156376;0.194669138;0.244427295;0.196974718;0.330170733;0.195588063;0.272948615;0.204804346;0.274327086;0.213057927;0.30333317;0.183986668;0.348624153;0.195849405;0.263689104;0.199315595;0.238454886;0.236124832;0.317120523;0.20577692;0.365172573;0.215613048;0.209567364;0.221191621;0.390992624;0.207418856;0.176638936;0.27608013;0.466979686;0.291664254;0.357545002
S37;acuity_both;0.251693365;0.354861941;0.159110817;0.23234986;0.252788149;0.301839808;0.186763278;0.256633815;0.234867498;0.291598119;0.21215306;0.259042292;0.231512199;0.352454231;0.16638327;0.247429027;0.216463102;0.29821774;0.182647076;0.299760959;0.24744084;0.299829971;0.1992296;0.251693924;0.2200729;0.307009748;0.201189532;0.269748686;0.330967611;0.441162312;0.261495326;0.363331713
