;Test;Delta Oz;Theta Oz;Alpha Oz;Beta Oz;Delta O1;Theta O1;Alpha O1;Beta O1;Delta PO7;Theta PO7;Alpha PO7;Beta PO7;Delta O2;Theta O2;Alpha O2;Beta O2;Delta PO8;Theta PO8;Alpha PO8;Beta PO8;Delta PO3;Theta PO3;Alpha PO3;Beta PO3;Delta PO4;Theta PO4;Alpha PO4;Beta PO4
S2;Reposo_EEG _AO;0.2235646484535545;0.3022673647160496;0.2505665304614106;0.2171385574504836;0.2233742047111921;0.30079659729887936;0.2510703719516125;0.2183940139039459;0.21714281604923835;0.29495117365534046;0.26464276491532174;0.21700735103731691;0.21801263313485184;0.30194851151543073;0.2732115875713625;0.20206452240666997;0.20237604767697612;0.2913310531771882;0.3026122553997631;0.19943413657906775;0.2234084619666107;0.3003721161233262;0.2655800484488871;0.2053171735691071;0.21293001199616948;0.287635722060703;0.30457523385354196;0.19108052590081717
S3;Reposo_EEG _AO;0.3848297800143024;0.23540018600062912;0.12256213714729423;0.2548124039643308;0.3575086826554304;0.23021506198574948;0.1266041262154301;0.28340292624363855;0.3500476691347913;0.2333812593202963;0.13962529960620065;0.27453241053311683;0.3836796322747966;0.23670828827035753;0.1303913875142707;0.2465632357935738;0.3207205330658963;0.2428457815629457;0.14627211467942802;0.2855595547043564;0.3692316573193158;0.22569386454638343;0.13952911014145056;0.26291463437626345;0.3885360208584666;0.22581102264563313;0.13408784366783877;0.2490313205246761
S6;Reposo_EEG _AO;0.11171246919602984;0.19160492367398207;0.45780071478121437;0.23655527986630204;0.09963697177082817;0.1769861916801549;0.46511231680629556;0.2554107206334401;0.09875210000965264;0.1697320165871836;0.4434804598573781;0.28441750342619265;0.07968404845384733;0.17063418566611718;0.5195316105697962;0.22706670447639726;0.06781463941721375;0.12366117956785798;0.5895901597593812;0.21608086713550936;0.11051078165704989;0.1737414989475114;0.4804318257898161;0.23272275493457684;0.0878149631515246;0.16293552715695153;0.5382556803284543;0.2088020564806597
S7;Reposo_EEG _AO;0.29364606254565373;0.3861293668447536;0.15523202245559348;0.1630010181664369;0.24104106121947608;0.40300863911580004;0.16301484111883663;0.1905029532105631;0.24204061642106042;0.3845325564079593;0.17476675412145545;0.19639443586724448;0.27970736979976246;0.38736408500774444;0.17059567136770487;0.15990807734075854;0.2781208659913699;0.36874607975031737;0.18846367311113998;0.16236025948910435;0.2683600446623011;0.4246463978938972;0.14851380553524987;0.15623346022806053;0.3081487409286845;0.376464271335145;0.16121855099556823;0.15225723038717612
S10;Reposo_EEG _AO;0.24660905550362633;0.2368311696351579;0.33609192472586796;0.17747045742762535;0.2568844547036282;0.2419941783496351;0.3106157810643592;0.18788577321384745;0.2658092275369729;0.24264072015444474;0.29006850745607105;0.19884837126694913;0.22033464857773247;0.2176536608502767;0.38376627411908465;0.17487497235095995;0.19612899758838542;0.19818582092802417;0.4252245367546057;0.17691323210914348;0.29428428160949716;0.2591972425630029;0.27391919957351424;0.1703815882860045;0.24225642273816697;0.22592906217022446;0.36846123897876426;0.16053524972333008
S13;Reposo_EEG _AO;0.209559412584631;0.2725583543927624;0.13869147473956747;0.37358001043542766;0.2076096463384259;0.2521647997950179;0.14229203244508454;0.392025794899984;0.2050163023453025;0.24819249012494526;0.14120859447092643;0.3999482490375745;0.20893770866461878;0.26424533880584233;0.14273153318305232;0.3790530703586303;0.21943016539712032;0.2679308150224356;0.1378055270964884;0.3697720509231043;0.20880054312343496;0.2858580909208268;0.1370256553438117;0.3619521305817869;0.2113131993045768;0.2859108659638085;0.14132266420041525;0.35619293023095083
S14;Reposo_EEG _AO;0.26399199868868367;0.22438246684543925;0.31064887244213163;0.19763174152316335;0.22301792868900397;0.2370678358804786;0.3092945605223407;0.22520770198385545;0.17217924189737233;0.18421973190599192;0.2724549534533667;0.35324888424986467;0.24423627954071087;0.24992629755340598;0.3122578114134463;0.19050937844724575;0.25854972005621385;0.24101831119713818;0.3001580042543115;0.19742424673511416;0.22128657647507877;0.23983892025317693;0.3158014499934285;0.22028330610572447;0.2311350493989927;0.24973398669153335;0.3188814885457527;0.19797479758829567
S15;Reposo_EEG _AO;0.049185777345709995;0.1271376480430299;0.6710532081675783;0.14998898129459176;0.0451038070207858;0.11866850263443848;0.6753381119894463;0.15790128468228654;0.045344982782550905;0.1386519551039289;0.6455643602925596;0.16722728925383304;0.05756450672625879;0.1381428409729425;0.6529135232509904;0.14926853485655042;0.06168340846645922;0.14742436406243445;0.639380443603471;0.14995756398845697;0.050532187241051595;0.13738595285717523;0.6547567983518071;0.15506413806550906;0.0654567620862306;0.1525136579304382;0.6172342369672023;0.16260916853351592
S16;Reposo_EEG _AO;0.36957369906879056;0.3445780415536823;0.1240545299647104;0.15745682093452545;0.3775360073707039;0.309496889729084;0.12872489127165038;0.17893628577812723;0.37771154252595984;0.33084131415193446;0.11985414046921523;0.1672263206974822;0.34891111648086187;0.3588403045511502;0.12397304399293636;0.1628254064861731;0.3714985528147304;0.34911531300684606;0.09927634842509517;0.17399364455342892;0.4506438278064247;0.3066624596992608;0.11208381376189618;0.12697717426635066;0.4357151906015017;0.3359571812535567;0.10532775656603222;0.11932441779369914
S18;Reposo_EEG _AO;0.212635174326818;0.30269284775457417;0.2458059871327784;0.23654139907803112;0.21041512912966048;0.2995119626049737;0.25704969832230623;0.230792386159911;0.1922354946896994;0.2864874658261401;0.2918530529883908;0.22708409934522888;0.22113478440130757;0.28384532052435973;0.25094523050135376;0.241935130943448;0.22098561951464804;0.26661649187143593;0.26090593670580275;0.24923903866889335;0.2007990157001393;0.2830606942618182;0.2665101026465692;0.24703219364782308;0.21987133169068196;0.27789206396574906;0.2516867901031772;0.24795261521791906
S19;Reposo_EEG _AO;0.208907798250969;0.31429540303083164;0.28891743412275916;0.1852136471988572;0.19424900248635638;0.3121367409019396;0.30313283664740037;0.18697968119935487;0.15841611060184557;0.2920271392973789;0.32483691677243;0.21671508632998746;0.2180409106864313;0.3152255911570433;0.2878105490290414;0.17670350041270916;0.1985667500343401;0.31013495738436886;0.3235264385144916;0.16588035733271334;0.16979107058915677;0.295906668923851;0.33214275099327;0.1992017263825312;0.2086452181163109;0.28268567827845476;0.32568439520653203;0.18095063750442766
S22;Reposo_EEG _AO;0.22033672022914674;0.20152542745697313;0.12901634687837132;0.4297474189028457;0.19049821489749605;0.19500641514678194;0.14552247656106046;0.4476351046679424;0.1930613031797562;0.19993485740484157;0.14106852888119312;0.44520483732311705;0.20667630566245015;0.20172062731126195;0.1348870296168085;0.4366162071430396;0.2115953741537633;0.1962310801443433;0.1340790675793572;0.43716217468328683;0.18501533233129766;0.20580921761081136;0.1394626009375794;0.44895522015649475;0.19435639310773917;0.1841148005769355;0.152477145580148;0.4491946508149694
S24;Reposo_EEG _AO;0.2394113846915084;0.32890491297914404;0.24129646289904558;0.18863771032372947;0.2403707927001546;0.31941165465774457;0.2431775333746721;0.1954251103583674;0.2021555121610976;0.3250573237633209;0.25244121724950624;0.21825845170755748;0.2540516424737543;0.3170725815063077;0.24243401596792827;0.18462916540340996;0.2519082580857944;0.31413717454181245;0.24660256080920293;0.18517796720477853;0.21432091430858802;0.30275990863728464;0.27800257063180955;0.2028858830135625;0.23511302702252004;0.3120460240835161;0.26252230064070653;0.18847266033370477
S25;Reposo_EEG _AO;0.20303590919979767;0.23440036846682227;0.1559107947001818;0.3977821656221261;0.20515901835952793;0.22693811155023902;0.1496324309251403;0.4087469335218465;0.2216640274781819;0.20108571620786045;0.13879354086051346;0.4291940438112173;0.19995675766462978;0.19648548699871698;0.15660689491108273;0.4376825118067439;0.1903724160126669;0.15544573095607186;0.14959249788045625;0.49648493587029013;0.21551531273487481;0.24688162935033192;0.14180253920961242;0.387690992952877;0.20983564493119214;0.22528231713142902;0.14903186583202127;0.40881365608345804
S26;Reposo_EEG _AO;0.14481156860162508;0.30847119681815816;0.2904052139171222;0.25210018452366845;0.10666774138904626;0.28495842667225674;0.32212283346923676;0.2817120897124491;0.12077970849324605;0.2652352424639445;0.3068627717765672;0.3015358885193732;0.11120540100235818;0.2752529839336472;0.3556679349403243;0.2533965476431329;0.18174052687164954;0.2906506676651103;0.307789516590011;0.21618928091046435;0.1081964909775369;0.2761757870399822;0.3415931574280428;0.26887036834475936;0.12326315277246863;0.26603241592106386;0.3672861777210763;0.2402736721200838
S27;Reposo_EEG _AO;0.1555254330590608;0.37950778838572474;0.24317962147384642;0.21925124651117542;0.14608672977230117;0.3809841369909747;0.2669256962020203;0.20290689755160285;0.12028587653033235;0.3875647636951577;0.2993650420423524;0.18969843784294518;0.162882914153073;0.36564094678167314;0.2566346160268985;0.2119879318666482;0.13076670712981314;0.3639114418546643;0.28064715021940945;0.22111047084522392;0.1352506663130423;0.365043365635877;0.30451593833039603;0.19293984775375353;0.12817067657844053;0.3164615395961979;0.33659415665288944;0.216809982860112
S28;Reposo_EEG _AO;0.35790705835917824;0.31073603664731697;0.17287582004808225;0.15586607579703354;0.3315652995042364;0.28291226742092074;0.21355445777467455;0.1690202129590745;0.3076430219070163;0.2746294279173131;0.22443674939118075;0.19089521437234552;0.25051100829161954;0.23076689126073743;0.294242424532892;0.22069071141030028;0.2379617635100746;0.19726397773891396;0.30917732704482537;0.2515528938176596;0.3218393858671174;0.2572331514243158;0.23483197963514477;0.1838997333813988;0.27119440258723665;0.19718622275318842;0.30412803761821255;0.2248092443402615
S29;Reposo_EEG _AO;0.16271470148271427;0.19392257871104152;0.3675223530844854;0.26615754709510564;0.15430992408785796;0.17725813752636055;0.414996878308438;0.24524112695902578;0.13209649841029333;0.13578648363124504;0.49349041830285234;0.22980683088854229;0.12970182561991414;0.14702055970681543;0.4760352179576173;0.24016042478975008;0.09792253217279336;0.09879941731329296;0.6043409732895383;0.19347957346530043;0.24118981479832166;0.231184336168137;0.27502631823611773;0.24474945969113784;0.19718041898669988;0.19132481716988303;0.370136784127165;0.23424780812276808
S30;Reposo_EEG _AO;0.09957471666493765;0.21903878035627528;0.30496988970829875;0.37305744274691566;0.09603830745020742;0.1971328509905017;0.3354558755678099;0.3680582502725454;0.08673475252555754;0.16897715337617183;0.3704650674043892;0.3713307944728577;0.15438339944969962;0.22244638959344054;0.24182843328041387;0.37663368363577476;0.09056230521660907;0.15053741535395676;0.3904106921909797;0.3659917766510633;0.09167255221269296;0.1916559053418614;0.35981484803293495;0.3537089205268504;0.08853342445751662;0.17336114813435455;0.40206743072923967;0.3333285886311939
S31;Reposo_EEG _AO;0.332572975201806;0.22179375405215002;0.1785248813964963;0.26341660109235165;0.2549035673634355;0.2376507585807882;0.19762860049092926;0.30564592684745084;0.29552922196306414;0.20598425965082476;0.18871010009982933;0.3055977262762071;0.4028791463523759;0.21257621289778125;0.15443106787694855;0.22621088059560143;0.39583285460737344;0.21855374273794165;0.15028622460244995;0.23128884777454628;0.39757015831142817;0.24077785652526765;0.15270509453593603;0.2056522635128363;0.38114126340323395;0.24797351271760343;0.15981671653355287;0.20793699577939417
S32;Reposo_EEG _AO;0.1350922030665778;0.26456694648069556;0.30030717309664606;0.29752590279416957;0.14277781392032426;0.25129374922201964;0.30447390940174374;0.298868290857209;0.14244976528520228;0.24616085693331508;0.3038822719386721;0.30476134467843385;0.1256512246933104;0.26149775350427995;0.2944303773302188;0.31592943952241853;0.12090278081705089;0.2511225523743193;0.27434370067850766;0.34956189098863005;0.15154107850423015;0.2749449942763306;0.31264848911213844;0.2586299311579618;0.1450325526595251;0.31909545565356195;0.27474425579526035;0.25894777249332335
S33;Reposo_EEG _AO;0.12730833525805615;0.1488790390159862;0.2933990010662491;0.42548137835364463;0.10728432637658333;0.1392349543580057;0.2962708310350606;0.4521382996127672;0.11438646693202362;0.14770923503843467;0.27023480518959514;0.462877840729531;0.11771735940776366;0.14368782728188315;0.3595270662287179;0.37342385090164915;0.1082577248874817;0.14372567549905574;0.30732683923438825;0.4313408669663483;0.10831313565156621;0.15533971580083997;0.3116951774646629;0.41954367126749653;0.10277207754462016;0.1427219844127011;0.3927489415665192;0.35783380350887267
S34;Reposo_EEG _AO;0.04539943683461338;0.07690508209874321;0.7812785268638088;0.09530792062128013;0.04395455476743809;0.07127714839711156;0.7846913558759121;0.09899703006962386;0.04578530423128513;0.07884660576648067;0.7752237876699095;0.09888889770934282;0.039615548924226904;0.07122095902541438;0.7968964836939367;0.0913065526179407;0.04257866284930632;0.0866043284279502;0.763937099294904;0.10562655434331086;0.05072545104412344;0.09424338696615853;0.7655474983567793;0.08834645851062078;0.034925842533229036;0.07047737298937799;0.8137110217357844;0.07996541566897966
S35;Reposo_EEG _AO;0.3563015295302331;0.2521319094288472;0.11462817970235342;0.2696996434871984;0.32488627855996877;0.24301483955475192;0.12353416240237239;0.29996617771404843;0.31099742620842413;0.23973895567479067;0.1243982733822901;0.3151491214128021;0.3436738982473801;0.2562556084814929;0.12605664948547127;0.26647859660966416;0.3288146385292621;0.22519365341167816;0.12520323659193539;0.30942395855648436;0.33146016920636223;0.27469050321455085;0.1325634307556902;0.2544090172069708;0.3348206512600197;0.2572366314375132;0.14069469927625627;0.2612960691720265
S36;Reposo_EEG _AO;0.17804675506302184;0.2002754208661518;0.2847375598758713;0.3288090566338333;0.1725785609503854;0.19972179486419597;0.2996788255860838;0.31991647015725966;0.1455072489006714;0.1809463453628604;0.3057465631055948;0.35801220922347743;0.16298834986438052;0.18543671216150073;0.30228614836877843;0.33910923562314105;0.14963785537129115;0.16116963817732863;0.2199323464417511;0.44981286903970547;0.21820758877385735;0.22304947353567228;0.3028744678924208;0.2502346072779427;0.2118307072262667;0.2313281802195079;0.2754721326381541;0.27455163565491325
S37;Reposo_EEG _AO;0.24709311580002102;0.22839780596721623;0.2463167146196489;0.27659501744625764;0.23012399545896026;0.21793624861865266;0.2622030770133785;0.28838392078879893;0.22834856398850337;0.23360340983211345;0.24757598146498652;0.28880151163074674;0.22593676085550943;0.2121199162657601;0.25584329860599697;0.30395058922885226;0.16581618958897448;0.1574109981046196;0.3144485853837964;0.3604107119888684;0.24277322290759767;0.22356776517454777;0.2572687789189433;0.2750674527430429;0.25214197884178763;0.21562057567967205;0.2549078774976483;0.27565333714777623
S2;Reposo_EEG;0.08427401381992135;0.20148706808690983;0.5379969719445098;0.169335417604593;0.08349273664525185;0.20076092250849328;0.5387517435030087;0.16987546958511535;0.0678564552220693;0.18895520111990696;0.5438493605188028;0.19017004516160532;0.08110471945978172;0.19464841449325343;0.5849564916550211;0.13558437370230114;0.07413542898804247;0.17693603687173798;0.6235728303741854;0.12250604330172585;0.08059519444275652;0.18765046033320765;0.5757945813448587;0.150619200036503;0.09326562322319945;0.17597145788269788;0.6068165224365569;0.12131551567040928
S3;Reposo_EEG;0.12975283601620405;0.14181808239534738;0.29409825630098596;0.43259302457042154;0.1373866230081146;0.146578058270258;0.27350098850868004;0.44072597742656133;0.1322682745311758;0.12475819275428424;0.2960984246631873;0.44547449857624816;0.12405102959108749;0.14986165971514545;0.2927673219349277;0.4311685904460921;0.11772264655389006;0.13436692108382925;0.3260088939029808;0.4195452863387776;0.13793531433835748;0.1544248967974997;0.30301286702806;0.4027117273752978;0.10607058893267435;0.14204907799907138;0.3162960148084045;0.4335467358104426
S6;Reposo_EEG;0.07289732777231717;0.1256843504932838;0.6026669698542573;0.19572306009168403;0.06608798791091695;0.11793446369806451;0.6036415407035084;0.20819974960766308;0.05544090084721729;0.1027937987959838;0.582101205481848;0.25278927654382644;0.054063539709159926;0.10241774224823014;0.6548334341750611;0.18494710836064968;0.03878685229494583;0.0713947286898851;0.7046232804342906;0.18175604211445906;0.07308203480593668;0.1280855678017428;0.6251954720426068;0.17023180107353653;0.058788424451533455;0.11599064655039278;0.6816528675956796;0.1414018685813321
S7;Reposo_EEG;0.19553923733422127;0.2532675077953951;0.34726242235710403;0.20027581225313462;0.15855454042275624;0.2666466937151551;0.3594431430997831;0.21141766084339822;0.15693110922504314;0.25249126850800935;0.37908866188167606;0.20780481841339174;0.170393997356456;0.2787043082004752;0.3600594024168348;0.18654671395054617;0.1398472583981118;0.2397313226572265;0.4100810921990568;0.2065493162009976;0.3456878916385907;0.2707561856008139;0.24504572431120922;0.1362446950271347;0.2969616197878596;0.2522040390234458;0.28388234035032456;0.16383609708215416
S10;Reposo_EEG;0.046024186323555455;0.1054955393502446;0.7403275784463239;0.10582581219421937;0.04530952306425228;0.09321952217579878;0.7592980700965055;0.09979692695662723;0.0435195591805808;0.08723107270070302;0.7694367070526078;0.09746080721180611;0.041012057533228015;0.09880333707732944;0.7549369706170971;0.10307512899413092;0.03486835274011458;0.08878962771808101;0.7775580397957955;0.09670898738102479;0.046193446973013086;0.09393694173376166;0.7654774209620846;0.09237354139836214;0.04395577751201279;0.09887762330215881;0.763893675586511;0.09133804193866978
S13;Reposo_EEG;0.2051981933749852;0.22224761234265875;0.18573487915066192;0.3828432689070658;0.205640153527017;0.2102302545128499;0.19031099391798736;0.3898732849250169;0.2008165082666707;0.19899923564357824;0.18923605253540896;0.4070817035208798;0.18775733246938234;0.2099926991918563;0.18501286587514382;0.41334653151268813;0.19800899057101373;0.2040130307909479;0.17697947620860818;0.41702658782929836;0.23880366220838536;0.213285371239535;0.17964231936450767;0.36347914379940116;0.21649155737515424;0.21398505985749433;0.17733625288279262;0.3879477845256402
S14;Reposo_EEG;0.12300208181358095;0.1424567228243682;0.5878615401505866;0.14501389824994396;0.12630470706099015;0.12704088304771113;0.5953123259424297;0.14985079373205903;0.10335564110517767;0.11797893790591446;0.5585985665273866;0.21689476046629125;0.12021412035950682;0.14780060150736166;0.5945942931414198;0.13560307279402328;0.10804133509135673;0.15526496543839402;0.6016694669330639;0.13323741114585946;0.10458815201600181;0.12350803169386856;0.6156917497119135;0.15516538496459262;0.10216799081571927;0.12256506221210689;0.6419452158303902;0.13204540218659194
S15;Reposo_EEG;0.0354995926418657;0.08075987939355078;0.7563274800550622;0.1255345938335425;0.03287813639357642;0.0758997507322619;0.7729777891295776;0.11630239972881959;0.032358407761942966;0.07634735972292205;0.7787661087640281;0.11038957222716016;0.03535348387149088;0.08953114432908033;0.7478662222672944;0.1254385398611973;0.035413601307376356;0.09571355005445538;0.7464934700532688;0.12080750926095256;0.035430493737155684;0.08250110410119135;0.7712306537664396;0.10940922557205225;0.0343599194545402;0.09396484991052652;0.746255232979957;0.12411537281916463
S16;Reposo_EEG;0.1344611450698246;0.16357654332936059;0.5294957195871763;0.17041613697131447;0.13652399932350381;0.1568072939079621;0.5203896819920998;0.1833514537041143;0.14240774703165324;0.17737426290804909;0.4939098061659225;0.18347397958141826;0.12592929614745252;0.16063635494192066;0.5440246574906988;0.16724737703200643;0.12158910386568869;0.1636666295366088;0.5361043928713968;0.1765629373455708;0.1090802759142438;0.13113277063751394;0.6129637382174092;0.14464458822235643;0.09270473619101129;0.12266086231654709;0.6452311146855261;0.13794425226962484
S18;Reposo_EEG;0.15561223623300957;0.27621738539845375;0.2964128152948787;0.26898836104253054;0.11958420117098958;0.28779274676143207;0.3023164212993295;0.28660399723187024;0.10549398605516898;0.2833518636008498;0.3306776258958829;0.27726378561061293;0.17518942601236584;0.2859863621939649;0.2683471688006813;0.26821805863194;0.13723341509778073;0.25683863462640794;0.31231902997393024;0.29113967947939307;0.12161376336814325;0.28553398522557527;0.32567043507059534;0.26530894574460434;0.14436153488471945;0.26449278857694497;0.30869597855537384;0.28033277482618285
S19;Reposo_EEG;0.10351326925233244;0.2308900138562384;0.5339724933037834;0.1298762764156274;0.10812317214314399;0.2384401296411743;0.5186385622003817;0.13309918830976197;0.11196506244966432;0.24344698856741395;0.4760810296438149;0.16565342763758642;0.0998112147642375;0.23033099354458414;0.5386588577558538;0.1294112813524062;0.11556619021134762;0.226280016823608;0.5261416064334782;0.13033838718092053;0.08504677710412836;0.2234795453833104;0.5558567797857298;0.13438613604645142;0.08429141221551063;0.22568512202763114;0.5658986390081628;0.12271942408546035
S22;Reposo_EEG;0.11307796476928464;0.12964032609442433;0.30964761088303366;0.4240377465991317;0.10809969992431406;0.12858219852660127;0.319001080184048;0.42122860461706974;0.10980590037847454;0.1274300731255381;0.3149479776423448;0.42393700929694417;0.09478614428579668;0.13056477073106917;0.33622671450196;0.41598409532441344;0.09519961941420377;0.14754907074458168;0.3183985482845375;0.4174626854591943;0.11000169815812164;0.12275914537274739;0.3169777825844494;0.4262066924185381;0.09422734120718095;0.1201215049096547;0.35378759326061837;0.41065364761243933
S24;Reposo_EEG;0.07834667635621312;0.06947414054976188;0.7920519185842437;0.059393912733552774;0.0827950101868524;0.07808351705769832;0.7701560826438201;0.06815788563764208;0.06422653064525377;0.0628516471174515;0.8081852326686698;0.0641640683706917;0.05319802890375086;0.05483907207645843;0.842817035538175;0.048569556801537364;0.04254426102493888;0.052886854876588736;0.8522193395788448;0.05175701798526597;0.0800622515410067;0.0736637303457458;0.776250498450671;0.06927682781348599;0.035923389375001516;0.03924485933344669;0.8819320428236997;0.04245489538237172
S25;Reposo_EEG;0.09466944509100297;0.13335022464235674;0.23635602577189924;0.5255232538789874;0.09370801229719007;0.12686393596184184;0.2535906440706313;0.517700601365061;0.09949180146631478;0.13807487075574465;0.22647313937430782;0.5242357437632598;0.08589375003509607;0.12442258633147356;0.23574170051275714;0.5417015855162192;0.06504086542590298;0.12175537004073239;0.221477944827113;0.5779650527843577;0.0990468497017427;0.13306383427996082;0.24337587910433375;0.5178998922426614;0.09455244854010007;0.12718211668899354;0.22301630289672683;0.5468321670950874
S26;Reposo_EEG;0.10032397790332868;0.240852872887819;0.4002590253020827;0.25534822378264865;0.07020561060483811;0.20021122456602958;0.4922450338433649;0.23433778913815964;0.0664609885044296;0.17700481973062984;0.5270558157120304;0.22640676560971829;0.06680349900209231;0.19363224227363496;0.4870463887177222;0.24936970025663066;0.10076381823210012;0.19614856350577928;0.47884112284433583;0.22048774756434286;0.07356223898452412;0.16102520979191864;0.5558733687248858;0.20628588836177242;0.06519231259311066;0.15140019616938172;0.5678162686291852;0.2132216106285701
S27;Reposo_EEG;0.07518588062180513;0.12120539159059524;0.6048188359253954;0.19615982397570045;0.05885248497808049;0.11127309921193061;0.6693853719733078;0.15827460512506636;0.04609119750886927;0.10270204710683936;0.7179000515941316;0.1315300367093353;0.06957949543290588;0.11508269652703806;0.6173945297084844;0.1944305571210701;0.06340472524883911;0.10535102825459955;0.641841834116788;0.18512913196160802;0.05137846979769916;0.0976959335538265;0.6892155497353653;0.15997929327728158;0.06315037730824671;0.09967648792826578;0.6243035631294829;0.21012622693941485
S28;Reposo_EEG;0.22151310137991637;0.1910189961644627;0.4374180453978137;0.14827507568497986;0.19835913335563135;0.17215081512771963;0.4777460931787771;0.15014487729961665;0.15711640337042504;0.14362670820175258;0.5521795041135394;0.14570856005671215;0.12332874549712275;0.1492779362971268;0.5818755931494315;0.14309172918083207;0.11714515724280179;0.11196604054650504;0.6377964499029041;0.1306641777088011;0.14373385360423324;0.12309786362221332;0.5859976451302742;0.14574337422293387;0.12624673798800468;0.11506716742376338;0.6111265665201373;0.1455463836417335
S29;Reposo_EEG;0.05364804834056392;0.07112743661317979;0.7061067954480086;0.1642528177660631;0.04566541877703137;0.058888378150998386;0.7659706563010564;0.12601073871792487;0.028228115063958618;0.052914353978105046;0.8168290750554087;0.09948426412084335;0.04342982303127505;0.060823501731216874;0.7338730528059008;0.158165044561343;0.034179991179519684;0.048264340443030594;0.7813636572510246;0.13319798762231033;0.0462461994049109;0.06283040995304047;0.7538847886274451;0.13331933021101708;0.04828758794456121;0.06933559257555824;0.7134745122574747;0.16465666097112974
S30;Reposo_EEG;0.10902095357181696;0.16714882364484474;0.3891207032756253;0.333325483627019;0.11031643698502248;0.16154226301574098;0.39807665738402603;0.32871006879578524;0.10328302781153227;0.1657604301148887;0.39155643287409875;0.33824331780357825;0.1509651010553102;0.19358313877698466;0.3639367442427221;0.28968934258271317;0.12814645883618778;0.17744173741175556;0.4268182079789016;0.26579849027801883;0.07541109307549627;0.1639565071643669;0.45569699532899455;0.30386552163294717;0.09441402810192809;0.17496893044333647;0.4506301695413764;0.278511726818637
S31;Reposo_EEG;0.09378604794360557;0.16126349138560284;0.32543486320169196;0.40992963237106916;0.13058098414610506;0.15059348510999632;0.28272133068537986;0.4226324142993674;0.1423659256920015;0.16983911776472024;0.2510398213810512;0.42355656182402435;0.08000410486320213;0.12370385366639859;0.39421425896662354;0.38773857222191;0.3445253404240434;0.15801942377502926;0.26064046054610895;0.22969859936708395;0.16169345362432758;0.19400445204936134;0.2816653816040565;0.3531051682480341;0.15607727425222656;0.17428172302294298;0.3754033951677015;0.28680813291024276
S32;Reposo_EEG;0.0647212613728389;0.1507525903762313;0.6096520035378722;0.171638706740433;0.06399908106733783;0.135569344820099;0.6297690888359067;0.16759152498600444;0.05271896436817636;0.11796458739327298;0.6810284595928014;0.14573643435695371;0.056586859921574875;0.1488890922450999;0.6301098198003391;0.16115448653949804;0.06013208910884349;0.1531590763395789;0.6290251397073753;0.1548683993960875;0.058625554202109215;0.15557335995309945;0.6407996731139189;0.14234762256811373;0.05679233577731229;0.1874859733260883;0.6262358709984913;0.1275111402528091
S33;Reposo_EEG;0.06741593576067986;0.12233817997898237;0.5035296036500412;0.3043295851816895;0.05503546415991968;0.10752071872706333;0.5483750222537505;0.28680936635980275;0.05405481851108414;0.08868861045522566;0.5712718476875918;0.2836740990837946;0.058147183554245446;0.10109109372928947;0.5397345738891792;0.29848891130105176;0.03882242937115196;0.07718168760155755;0.5610481679336023;0.32070408838836434;0.051387042420101135;0.09411173226458325;0.5798525423364651;0.27271264089180247;0.047945217919943904;0.08100721808402168;0.5997758592039631;0.269166990235959
S34;Reposo_EEG;0.04777722118163308;0.07715966994213294;0.7800996389992668;0.09370884419587547;0.04458652539932531;0.06660514109444808;0.800791571338612;0.08689506855510731;0.046656481682630285;0.07401113841543601;0.7938631521082175;0.08433010279089315;0.03534857441312043;0.06564183819636851;0.803401305484315;0.09437990567893266;0.036831424094058735;0.06956003595841025;0.7853640305156855;0.10680582233282769;0.04558948355393853;0.06255924853589288;0.8079795542431092;0.0828281318027629;0.03790469978884081;0.05496224475030031;0.8269874774007634;0.07928778157686721
S35;Reposo_EEG;0.2836796131312238;0.2423065952580518;0.18564407216399972;0.2768347680469253;0.2763709904343202;0.24604740806667316;0.18845262805182345;0.2814414366564344;0.3117211173963383;0.2342670079849233;0.19004268970846558;0.25438896050376836;0.26966132560245104;0.23225463609994745;0.19697086723440443;0.2903843074234629;0.23257905163656606;0.20288389814683877;0.1988403609225041;0.3537397003658539;0.3035292076940423;0.23300568502388785;0.21617378269534585;0.24074845162123654;0.2526276724639731;0.211833752571643;0.20562766355351464;0.322076273790072
S36;Reposo_EEG;0.05077844285671563;0.17092004180729561;0.6930388355525526;0.08468091855655245;0.043634312711452905;0.14497877098970968;0.7417571109504897;0.06910532386800367;0.05046341778046846;0.15001848195131742;0.737321401084773;0.06149056894474506;0.0411935068151461;0.16959996764828134;0.7145198396831665;0.07414331290797903;0.04470471058359783;0.16381442891032574;0.7395192441217867;0.05151668990159154;0.035949178529193285;0.14092802597960247;0.7690174273609582;0.05378897751538254;0.037236273824899385;0.17612132853363988;0.7270922451800543;0.059191668383655464
S37;Reposo_EEG;0.049722265853198944;0.15846423927640033;0.6507774951261573;0.14018557992369785;0.04612858334578677;0.13309080024225792;0.6925206890358825;0.1276167830638549;0.0501864875280829;0.1355304702029111;0.6765974890826679;0.13693433185664133;0.04879378979513144;0.1458206195141501;0.6636851174445952;0.1407850515951381;0.038303725453602826;0.09514793334476175;0.7362476731681614;0.12955131945745998;0.04997098921576843;0.13676719185840006;0.6784700030403286;0.13409695670202482;0.046292201193255715;0.12823619896328428;0.6865505758341086;0.1380368237127399
S2;color_both;0.23031619231624456;0.307833659822855;0.22106783457520818;0.2352816751642864;0.23019104556266956;0.306384564236194;0.22052764763872146;0.23728100526839419;0.2239949352295644;0.2970130105023208;0.21952698941569496;0.25327086590375464;0.24180637375739653;0.31643430923197924;0.22185452667132158;0.21512981759641683;0.2288866536110108;0.31659640838930564;0.23508647682708572;0.2150524021344694;0.2304732450902419;0.31366379586502047;0.22854313297804593;0.22259375158987818;0.22828740886117105;0.3240688862909121;0.23764154057762193;0.20614176745548818
S3;color_both;0.4124836900699105;0.2332251215625581;0.0970611041907701;0.24884708620328586;0.3995482962128034;0.2305481387174266;0.09722268296946285;0.2635012729889256;0.36987798866979776;0.22135823771964294;0.09559176861622218;0.3024477368720714;0.4020403073186895;0.23467550040099805;0.09882056947916563;0.2563519997487401;0.38313218006515937;0.23204731194864334;0.1018153179922909;0.27448903479267683;0.3953749336217975;0.2426328406610275;0.10144728693588871;0.252895905584491;0.3946233282570405;0.23820415033190426;0.10708592382962558;0.25301678960462215
S6;color_both;0.13637902954391984;0.22256074791380387;0.25851455396053186;0.3700144106783739;0.11239611010910372;0.18926089958257275;0.24415200091254785;0.4402799014024988;0.1014890332819241;0.16172966285077972;0.21670354421028482;0.5040108259110043;0.11338343959595465;0.19918160472535495;0.26737666209812383;0.4044396216071525;0.11763042387772622;0.19565142119364193;0.33408689920627654;0.3426627220506554;0.14022505588317238;0.22404537875792846;0.34500406883985996;0.2831068278851989;0.14525729283934538;0.22723086989996183;0.38308588421624784;0.2381442824192022
S7;color_both;0.4097136525912774;0.2946506239620226;0.12585457550813442;0.16663457889815567;0.3873743359902458;0.2982536081258899;0.13171567466535997;0.17951178507481708;0.3796969000547076;0.2982827660152644;0.13450144269488315;0.18414420723418526;0.3983683334632;0.29861325101797187;0.12262563070787688;0.17683155467208722;0.36836304523849017;0.31649086517739256;0.12850585759968358;0.1832303480369122;0.3781735436025409;0.31888676007768046;0.13712620275312679;0.16315758164446914;0.3787933113897964;0.3359549299877204;0.1273986165592844;0.1552236042736855
S10;color_both;0.3788285895694759;0.3289649684344739;0.15494002390275619;0.13513051675921345;0.36780515755662163;0.3331339298449717;0.15941514206767773;0.1375189571275977;0.3649855353295151;0.3263483434880458;0.16821778099735563;0.1384288920389795;0.38425981359739303;0.31015026200042917;0.16114835739678032;0.14189820979571002;0.3734840156310896;0.30248117408826164;0.1728225253970914;0.14829175457787608;0.37409249309542375;0.3353910498861242;0.15602611108741507;0.13250498798668794;0.3758005664437353;0.3184089308277606;0.16580935234184957;0.13761153528841868
S13;color_both;0.24022005522903012;0.23971227330291037;0.1542958356294389;0.3609701931474867;0.23859822331951813;0.23504323843253463;0.16189197265559654;0.3593521854322468;0.2390744679743798;0.2218918182680519;0.16056486288864916;0.3733749119105029;0.22285527575183528;0.22556521266838603;0.16094352973978338;0.3857001638244126;0.2182832964403417;0.2268091920731144;0.15322745603583587;0.3955865961526242;0.24623720015509395;0.24887532968248452;0.15028626188808633;0.34946875014128553;0.23099826570039753;0.2422521727119927;0.1560614311705081;0.36561026732786445
S14;color_both;0.17152692377027043;0.1425551486527966;0.3365355794424956;0.34023564789226557;0.14421298144777858;0.1237711866549999;0.3475186003026242;0.37256548092611386;0.16437701533255455;0.13081335845081069;0.2993886320000245;0.38939850106513124;0.14431415557665023;0.13389337660656525;0.33450291208916944;0.3772582150005133;0.13978733739688773;0.11799714922722983;0.32812585354860235;0.4037284331036956;0.21213299471858918;0.16730915353783402;0.31226414563749005;0.30024362651378284;0.2003370527962592;0.1612587115067323;0.3207424956710009;0.3102871407799624
S15;color_both;0.43539615103076845;0.19568306973523314;0.23952234450640278;0.12770367129344162;0.43018891967303124;0.19165771915648613;0.24684138155621763;0.12951228996341568;0.43699847883414367;0.19441541205240237;0.24146590459271758;0.12535698468760875;0.42279531916064794;0.19266302676126731;0.25073175001446535;0.1319259714521699;0.3851677145107575;0.18898550079531243;0.2863824067004141;0.13752232983301502;0.3798430003128997;0.18731488340024796;0.3031660577191503;0.1281782251208503;0.36454328594944657;0.18308226102995087;0.3146826904247273;0.13605787554638785
S16;color_both;0.42463261851863926;0.30358628363985984;0.11483115220436096;0.15341176356181102;0.41043502531656295;0.28449165806518206;0.12171662320624632;0.1790391341169914;0.4080825751882755;0.288647282456891;0.11928097175906453;0.17963083397294033;0.42098051739910014;0.2960490124874939;0.11717014361501332;0.16191526150567193;0.41273688375780354;0.28354363999994564;0.11228730328643485;0.1866641164867797;0.41304847904577285;0.2884642000581934;0.1286277049688274;0.1661463683953997;0.4394513330234739;0.2791925728927576;0.12586343931094984;0.1519622154825964
S18;color_both;0.19228048061773217;0.2016625395985222;0.2878021378255047;0.3138112793797823;0.18284648264852815;0.19216522983882706;0.27831597205938075;0.3409254412654243;0.16523632435762356;0.19301704214858142;0.26799991386896027;0.3664530949053614;0.19927975895089287;0.18890019435995373;0.26802359059105607;0.3374945515499296;0.18719729727971648;0.1871404624882911;0.26367684504113764;0.3551618295641973;0.17265259246090803;0.18931855041245746;0.34128736057597636;0.2929349953867296;0.18853796353091004;0.1966946239699317;0.3065854352299382;0.3044080175228341
S19;color_both;0.14284266237098064;0.300284963077675;0.357865501005565;0.19413579474152656;0.1426044928065239;0.2854052694281239;0.3789157840974957;0.18752448602587501;0.13785598451924677;0.26255045765710805;0.3690707464336714;0.22243048036908164;0.15099641389977633;0.30792119326012857;0.3422051695098773;0.19398891702435947;0.14267100220461926;0.30501808642739187;0.35602800881010493;0.19115752309941283;0.12539982563667038;0.2942410155155636;0.39397514037765585;0.1819053657693771;0.14390238606837624;0.30783616941571784;0.34416745798517734;0.19922489085063724
S22;color_both;0.27858436099801337;0.19922620248970674;0.09235594421833254;0.4001096833375583;0.2744778400766354;0.19465667455466398;0.09735452610317273;0.40360644707725113;0.27358526462863486;0.1890819164906417;0.09449449640977896;0.41320013515587445;0.2711866665831729;0.20027338856098442;0.0948537563518051;0.4036412853040284;0.2702525782809524;0.20449471471124042;0.09191188134583057;0.4037656200147565;0.25467953557289863;0.1976318508346386;0.09739681950861857;0.4199861237037933;0.24853227725108423;0.19815847812575516;0.10423424944272358;0.4195816165716346
S24;color_both;0.1958031459846146;0.2447820405287758;0.35108828849500445;0.20397775659303274;0.17262862616069966;0.2297621282481259;0.3265995613172294;0.2638085240851145;0.17289112102663243;0.22976311859919446;0.34320847307457586;0.2476687101034114;0.1730507827125298;0.22196974234117411;0.3806193722483305;0.218891126684807;0.1663166266967564;0.22756534195597125;0.39723414843204274;0.20424702328714592;0.18391650723187256;0.24901589344989128;0.37751454403321855;0.18672838443811673;0.14793748548803934;0.20339873309468387;0.49344472068066847;0.15295994746185687
S25;color_both;0.23205739177314885;0.21232001977932446;0.14854836502133223;0.3980173787798964;0.24013562082257733;0.20378657684680182;0.15971622963170629;0.3884512080256511;0.24894014275603732;0.19872222180060864;0.14492384317408244;0.39829758720599234;0.18613045327303615;0.17478978612063173;0.15320392863739835;0.4728460115347577;0.1687034168907248;0.16397254082934767;0.16302097408132551;0.49338135886078727;0.2587472771537402;0.20503101537708396;0.15286709399405277;0.3761692817938438;0.2302491708301932;0.18280443209145764;0.15557095462389114;0.4238515429972577
S26;color_both;0.18368624636526343;0.24171303225673677;0.1922705316408213;0.3734772646851853;0.1717080356574479;0.23200125504892055;0.19734630570219316;0.38822634752569146;0.15215408396802768;0.21689653026189584;0.19716063657190552;0.42151510982285684;0.14937330324206227;0.21054290181521884;0.19125488848698863;0.43686714171466356;0.14900265222107978;0.19464076725717938;0.1889652122182663;0.45239869056198073;0.20091502636150163;0.23098389773634687;0.20340813315126516;0.3565956818436969;0.1917392108021061;0.21751286967584085;0.19762260038349547;0.38462835785170124
S27;color_both;0.2104515835441611;0.2224272615260221;0.19217052462019668;0.3659889582627319;0.1750515894723599;0.22534819572851017;0.20298320641038717;0.3862222013247189;0.16477103587499062;0.2065185119385396;0.2340504776241802;0.38368803630389614;0.20076940891855277;0.2318841803597194;0.19074374834597094;0.3674195594868751;0.17197697452981262;0.22312035994797466;0.20079037928954804;0.3925577714886479;0.1999390487289352;0.21293915017953138;0.2375796031855952;0.3425613019745474;0.17799888438393152;0.21239582195672851;0.24504970766076611;0.3562431616161105
S28;color_both;0.32865375145720005;0.2744733945835379;0.176816902284057;0.21448844253588661;0.31117500256407177;0.2850684106144127;0.16700261036600758;0.230350674420044;0.313324367821662;0.28232842137945074;0.1666757176862395;0.23103416903176335;0.2790834414748213;0.2547833940905844;0.17473013719195196;0.2832565612109185;0.28625248231744094;0.22098094220042633;0.18347669875507167;0.3015905241347877;0.34820553471978927;0.27536881624797244;0.16660956863928614;0.20515737676768311;0.31922809106127187;0.25340432222426296;0.1789647408415403;0.24355105341367006
S29;color_both;0.19927227527246327;0.16739183774973396;0.35686498852064874;0.2697797709283291;0.17396789338079421;0.16810369452321747;0.3881270683541803;0.26327244352527374;0.14905649642855656;0.14752127300020548;0.4439610584634483;0.25410722214725906;0.14906611854230184;0.14465350508316038;0.43131770816152726;0.2680263316157211;0.12828835152245885;0.10915873103938763;0.5116064407390026;0.24479926622074516;0.2078386915397335;0.1822960428927687;0.3518650639775793;0.2521478401380873;0.18321981298071344;0.15325617084585083;0.40932232859500967;0.2481962073689977
S30;color_both;0.09421945466804477;0.14200592084815314;0.2899525182462648;0.46334010012757426;0.08575142151537903;0.13599689055815092;0.28937337721968576;0.4784732160194843;0.07612026931581901;0.11926526853692156;0.2841173629691261;0.5098886785923992;0.09390622462267433;0.14122169832241743;0.3021114578675229;0.4521505616484356;0.08436253445577181;0.14172792691023942;0.3299473796039461;0.4340216780795847;0.09289979365962876;0.14028279677402017;0.30113628621847915;0.45577741125212673;0.09173194922418557;0.14242003052519123;0.3259856500420261;0.4304584007946128
S31;color_both;0.1630458107427273;0.16428554080090954;0.22715160882869262;0.4328261820307063;0.15708615729403244;0.1825719021474128;0.20694690753513184;0.4420274079105277;0.155315445143657;0.18345275389932947;0.1931576861537257;0.4562896965940638;0.11929910404099613;0.1311154360436456;0.2442888797015711;0.4879869675412033;0.13428825055069157;0.1337200850818973;0.19251321957401235;0.5211024223722102;0.22597277671518104;0.199273801065735;0.20432996954881458;0.3609649546735898;0.21437381987755455;0.1864947756442054;0.22521131620530238;0.3634850593827089
S32;color_both;0.08486827784083839;0.1363505314693235;0.4018265479310165;0.3670342969594473;0.08892328678291937;0.13801961805158552;0.38945732581410825;0.374045967058176;0.0857039890317307;0.12582916924748389;0.37204657237249983;0.4050715383505799;0.07582001827189731;0.12011268172906554;0.41282003288239566;0.3798039789401367;0.07061362185075275;0.1209915511853548;0.4034072341237076;0.3931511208828516;0.11261565848197179;0.17353794688334656;0.3728611779904173;0.3330244458059822;0.11515098310964038;0.1735956916632567;0.3701364020244872;0.33241721259308626
S33;color_both;0.25973901531331606;0.2782456624388658;0.1789550272016061;0.27759968959206355;0.2380435209422526;0.2852238941104226;0.18815668968151936;0.2834836433573;0.27875121893896826;0.25594700486311944;0.14091646145420597;0.3186072342741041;0.20585503703682356;0.14746710261260548;0.15416821005316045;0.4775882127660604;0.2314467948577374;0.1640290080269148;0.1456411966017899;0.445149427817579;0.26395587330937464;0.17700933835843569;0.20707323245943568;0.348264731627096;0.255953322105285;0.14462921118848382;0.2726721529974678;0.32345522041139313
S34;color_both;0.12505087520326044;0.16451797268913826;0.4995268495087243;0.20674831693192386;0.11232579900739453;0.1618787360136794;0.502854978425601;0.21832605022897647;0.11057978777638058;0.16605123951748704;0.49895886319307553;0.2200875320245921;0.12271314712963377;0.14634072216897928;0.537556500841313;0.18993045128617211;0.13217280169709142;0.14745111077600842;0.5365787122788385;0.18073416124188266;0.125785073497502;0.1505346653669501;0.5543227642108278;0.16646872005761265;0.11736213912010274;0.12554881607140714;0.6167970478978599;0.138379116043116
S35;color_both;0.2942878394494239;0.24603111270476138;0.15862522174098165;0.29273611425442975;0.2841909421692863;0.23995491322745918;0.1630836824129129;0.30370648007693113;0.2725846998138158;0.23921554852824173;0.1609945125816923;0.3179708354095161;0.28704185074605404;0.243958455626139;0.15969167938889195;0.30201086025035945;0.2837653033123566;0.21536918071672756;0.14974630185311977;0.34350115795450303;0.3145962575460121;0.24610401868048762;0.16009826642949426;0.2737985944872627;0.35824632120816813;0.23489474523667767;0.1381676023913611;0.26292715166999603
S36;color_both;0.12297006712505479;0.1283700803263498;0.3487251487882838;0.3898413162216174;0.11371772479021958;0.12364549489026325;0.39156532554049295;0.3616431776866988;0.11395600102101514;0.13079469206325256;0.40989633336285425;0.3357557702103903;0.1047084985258691;0.1158915352416361;0.37150633018515034;0.3963341328898234;0.106251621496542;0.12986693555049772;0.41229346038717374;0.3422280924687667;0.1371703884421981;0.1284894768463363;0.46069416091311105;0.2662473022272456;0.1421871064711409;0.1365727278458455;0.4509713083258792;0.2633409461966267
S37;color_both;0.2669475745200377;0.24614867093037093;0.24780204492799282;0.23659183194745653;0.249642908393952;0.21832752318628154;0.2803708558590379;0.24954912959801262;0.2369174537109426;0.20665332317284368;0.29024781136668776;0.2640668968597201;0.24674575524572073;0.23994451373117967;0.2584180206979072;0.2528097539487591;0.1856642971184033;0.20144921878017166;0.30142950677811803;0.3097405344290976;0.2654932973632492;0.22838086222505147;0.2615709233441845;0.24246982797819666;0.2631556680966019;0.223853797845671;0.2554970392743058;0.2555655590944958
