;DeltaOz_Reposo_EEG _AO.csv;ThetaOz_Reposo_EEG _AO.csv;AlphaOz_Reposo_EEG _AO.csv;BetaOz_Reposo_EEG _AO.csv;DeltaO1O2_Reposo_EEG _AO.csv;ThetaO1O2_Reposo_EEG _AO.csv;AlphaO1O2_Reposo_EEG _AO.csv;BetaO1O2_Reposo_EEG _AO.csv;DeltaPO_Reposo_EEG _AO.csv;ThetaPO_Reposo_EEG _AO.csv;AlphaPO_Reposo_EEG _AO.csv;BetaPO_Reposo_EEG _AO.csv;DeltaPOL_Reposo_EEG _AO.csv;ThetaPOL_Reposo_EEG _AO.csv;AlphaPOL_Reposo_EEG _AO.csv;BetaPOL_Reposo_EEG _AO.csv;DeltaPOR_Reposo_EEG _AO.csv;ThetaPOR_Reposo_EEG _AO.csv;AlphaPOR_Reposo_EEG _AO.csv;BetaPOR_Reposo_EEG _AO.csv;DeltaOz_Reposo_EEG_OD.csv;ThetaOz_Reposo_EEG_OD.csv;AlphaOz_Reposo_EEG_OD.csv;BetaOz_Reposo_EEG_OD.csv;DeltaO1O2_Reposo_EEG_OD.csv;ThetaO1O2_Reposo_EEG_OD.csv;AlphaO1O2_Reposo_EEG_OD.csv;BetaO1O2_Reposo_EEG_OD.csv;DeltaPO_Reposo_EEG_OD.csv;ThetaPO_Reposo_EEG_OD.csv;AlphaPO_Reposo_EEG_OD.csv;BetaPO_Reposo_EEG_OD.csv;DeltaPOL_Reposo_EEG_OD.csv;ThetaPOL_Reposo_EEG_OD.csv;AlphaPOL_Reposo_EEG_OD.csv;BetaPOL_Reposo_EEG_OD.csv;DeltaPOR_Reposo_EEG_OD.csv;ThetaPOR_Reposo_EEG_OD.csv;AlphaPOR_Reposo_EEG_OD.csv;BetaPOR_Reposo_EEG_OD.csv;DeltaOz_Reposo_EEG_OI.csv;ThetaOz_Reposo_EEG_OI.csv;AlphaOz_Reposo_EEG_OI.csv;BetaOz_Reposo_EEG_OI.csv;DeltaO1O2_Reposo_EEG_OI.csv;ThetaO1O2_Reposo_EEG_OI.csv;AlphaO1O2_Reposo_EEG_OI.csv;BetaO1O2_Reposo_EEG_OI.csv;DeltaPO_Reposo_EEG_OI.csv;ThetaPO_Reposo_EEG_OI.csv;AlphaPO_Reposo_EEG_OI.csv;BetaPO_Reposo_EEG_OI.csv;DeltaPOL_Reposo_EEG_OI.csv;ThetaPOL_Reposo_EEG_OI.csv;AlphaPOL_Reposo_EEG_OI.csv;BetaPOL_Reposo_EEG_OI.csv;DeltaPOR_Reposo_EEG_OI.csv;ThetaPOR_Reposo_EEG_OI.csv;AlphaPOR_Reposo_EEG_OI.csv;BetaPOR_Reposo_EEG_OI.csv;DeltaOz_Reposo_EEG.csv;ThetaOz_Reposo_EEG.csv;AlphaOz_Reposo_EEG.csv;BetaOz_Reposo_EEG.csv;DeltaO1O2_Reposo_EEG.csv;ThetaO1O2_Reposo_EEG.csv;AlphaO1O2_Reposo_EEG.csv;BetaO1O2_Reposo_EEG.csv;DeltaPO_Reposo_EEG.csv;ThetaPO_Reposo_EEG.csv;AlphaPO_Reposo_EEG.csv;BetaPO_Reposo_EEG.csv;DeltaPOL_Reposo_EEG.csv;ThetaPOL_Reposo_EEG.csv;AlphaPOL_Reposo_EEG.csv;BetaPOL_Reposo_EEG.csv;DeltaPOR_Reposo_EEG.csv;ThetaPOR_Reposo_EEG.csv;AlphaPOR_Reposo_EEG.csv;BetaPOR_Reposo_EEG.csv
S2;0.223564648;0.302267365;0.25056653;0.217138557;0.145630833;0.202195354;0.338383217;0.304746645;0.14362356;0.164170558;0.383207855;0.301082318;0.146532443;0.198139303;0.339072214;0.306602437;0.13826434;0.191587774;0.399549199;0.265024162;0.215636885;0.305002139;0.210797514;0.262119527;0.18565673;0.248886506;0.199287072;0.356391617;0.20674001;0.225627126;0.201478988;0.355749451;0.171615787;0.235172653;0.201727014;0.380427768;0.189982566;0.278879286;0.198606245;0.323447129;0.241361469;0.337117687;0.203118845;0.212203994;0.136437569;0.302798141;0.225394321;0.324657911;0.150774379;0.253649723;0.232928825;0.35257805;0.134842925;0.291673335;0.214960562;0.346329138;0.15983906;0.289784969;0.248906383;0.294754481;0.084274014;0.201487068;0.537996972;0.169335418;0.069030264;0.131210451;0.590972933;0.200204766;0.072147971;0.109768218;0.594885797;0.214555509;0.062187389;0.120997046;0.573040757;0.232266151;0.068567234;0.111963024;0.670300946;0.145218454
S3;0.38482978;0.235400186;0.122562137;0.254812404;0.240861515;0.206475669;0.166031829;0.383238832;0.183994981;0.187849686;0.200886455;0.422543046;0.200445138;0.192315134;0.198385434;0.405412408;0.197259087;0.201884951;0.183045411;0.412315585;0.329693263;0.227496013;0.162241964;0.273096749;0.234878704;0.209335361;0.19605072;0.353220296;0.232909461;0.191125465;0.181696183;0.385703213;0.247222282;0.20615582;0.170421075;0.370430326;0.240897193;0.198908001;0.204205671;0.34997131;0.32802576;0.264380174;0.158732976;0.246496339;0.195596415;0.213340223;0.191870074;0.395953748;0.155589483;0.17628902;0.223599922;0.440515333;0.189509539;0.197479185;0.203583296;0.405752698;0.190568715;0.200766695;0.227386953;0.378352578;0.129752836;0.141818082;0.294098256;0.432593025;0.105326067;0.132403893;0.278378404;0.481521348;0.115038311;0.122314911;0.286978031;0.472940926;0.110094479;0.116783947;0.298931301;0.471989;0.080700624;0.118565868;0.322477922;0.475892618
S5;0.110752134;0.153054229;0.449096886;0.284377733;0.197733958;0.118835512;0.417736283;0.262873926;0.333199409;0.122034638;0.335433257;0.207216547;0.145439129;0.096561865;0.50668959;0.248914692;0.215782599;0.143185449;0.34741853;0.290628809;0.174372282;0.177851423;0.434484944;0.21031731;0.214266481;0.171589937;0.389001848;0.221692542;0.344835121;0.199927433;0.272014052;0.179787403;0.190388821;0.132684913;0.459876907;0.213735944;0.260777568;0.193294356;0.319270023;0.222328201;0.055807495;0.115624056;0.540852556;0.285666033;0.044528251;0.091219893;0.589647889;0.272191873;0.065394716;0.09506504;0.552451218;0.284440247;0.038704179;0.075050925;0.629714502;0.25448822;0.055560366;0.114344866;0.4986752;0.328433023;0.058222969;0.080276474;0.509030069;0.350691699;0.069633325;0.081479043;0.492206397;0.354887236;0.101530297;0.105112813;0.463702107;0.32786402;0.067520677;0.075908188;0.48916576;0.364947241;0.072784084;0.083950598;0.519846535;0.322242658
S6;0.111712469;0.191604924;0.457800715;0.23655528;0.063672901;0.162349193;0.456833852;0.313975103;0.08115678;0.152151802;0.406607205;0.356505713;0.083961989;0.152471075;0.406602064;0.353033571;0.049569456;0.122246432;0.555027781;0.270521543;0.166261463;0.18260696;0.330741065;0.31353059;0.111897897;0.159673323;0.30960224;0.408447093;0.110219591;0.161814673;0.290405331;0.430715782;0.119786048;0.162884774;0.295390307;0.41363642;0.094523481;0.127194865;0.374243451;0.397271865;0.133084961;0.164073843;0.524131074;0.175076799;0.096807919;0.142576835;0.508284171;0.247226765;0.095609738;0.137649978;0.455809592;0.304287792;0.09475422;0.146078292;0.462913451;0.289739297;0.089453446;0.112036071;0.591712482;0.201208966;0.072897328;0.12568435;0.60266697;0.19572306;0.04788344;0.110856753;0.582124157;0.25316228;0.051565874;0.109542341;0.566956012;0.265748812;0.056288905;0.113465391;0.549672512;0.273485164;0.035139566;0.082018473;0.676232575;0.201832527
S7;0.293646063;0.386129367;0.155232022;0.163001018;0.204959334;0.284337169;0.205685439;0.302497249;0.231636476;0.254484302;0.197485912;0.313653161;0.204902492;0.293431626;0.196880934;0.301893507;0.282256036;0.266194453;0.20378056;0.245827415;0.211327993;0.422162708;0.165319842;0.198327625;0.153034474;0.315477653;0.196289623;0.331782266;0.151074561;0.300816804;0.198323268;0.346680577;0.152501578;0.31566852;0.2029404;0.325824922;0.182249354;0.334133902;0.186418429;0.292520528;0.170991727;0.426362934;0.21711997;0.181407014;0.120462043;0.298643422;0.247509272;0.329492919;0.159059065;0.245100877;0.22228929;0.368158951;0.127159747;0.306428526;0.238468272;0.324515304;0.162549926;0.304032279;0.227682388;0.300582058;0.195539237;0.253267508;0.347262422;0.200275812;0.091141657;0.220715077;0.368952016;0.314429454;0.121071866;0.182030077;0.300320125;0.38722195;0.187584752;0.224105646;0.308748788;0.27588741;0.15036833;0.182743005;0.356199943;0.304559825
S10;0.246609056;0.23683117;0.336091925;0.177470457;0.139185772;0.171545053;0.394408511;0.289020909;0.147915182;0.165726863;0.353185793;0.325243267;0.164031574;0.186718685;0.346529637;0.297235115;0.121180515;0.14557642;0.466344203;0.261191117;0.234580919;0.407567243;0.179416921;0.173906867;0.182920423;0.279614604;0.234231277;0.295589616;0.196602967;0.256660504;0.240963264;0.297805469;0.179086046;0.28761041;0.235069429;0.291818764;0.173226372;0.267612766;0.251983575;0.298435722;0.226369688;0.279563286;0.354561489;0.136778365;0.132783605;0.205582536;0.418721314;0.236993836;0.163169028;0.198790561;0.355218393;0.275818355;0.220910616;0.257075293;0.2669261;0.2501873;0.109570991;0.160999222;0.519921054;0.203617392;0.046024186;0.105495539;0.740327578;0.105825812;0.049808872;0.077252211;0.729788469;0.139597451;0.065375838;0.080526231;0.699697254;0.150334714;0.046026187;0.071993556;0.754244763;0.12462115;0.048898875;0.074528517;0.742697584;0.130524745
S11;0.107918856;0.198125933;0.540779804;0.150690529;0.084197264;0.129872537;0.615526624;0.167148458;0.073367758;0.104282912;0.670071558;0.149803448;0.078140585;0.12954932;0.643547556;0.146413494;0.061910826;0.095314401;0.70065564;0.139986797;0.380169804;0.307863401;0.132494523;0.174852909;0.392545035;0.312655462;0.130885497;0.16004547;0.395631264;0.315974594;0.130549533;0.154344665;0.395289603;0.315834044;0.130705658;0.154659354;0.377115347;0.308426227;0.132413077;0.177298894;0.182323247;0.254578526;0.382942607;0.176148661;0.126342096;0.163661273;0.494822867;0.209043293;0.115058348;0.13283464;0.55910683;0.188409118;0.1231048;0.159996959;0.539570609;0.173152627;0.112115121;0.143447914;0.54795291;0.192316227;0.05679092;0.068744778;0.778342223;0.094905793;0.031642031;0.040658811;0.846635203;0.079947435;0.023027635;0.033809733;0.87434553;0.06780678;0.022152139;0.035320247;0.875324974;0.066445264;0.023200981;0.031312211;0.871080842;0.073190522
S13;0.209559413;0.272558354;0.138691475;0.37358001;0.199632596;0.21995901;0.151962437;0.422855394;0.206534691;0.253339297;0.151564017;0.38317537;0.191397893;0.24358727;0.150963691;0.408588303;0.21087596;0.240844092;0.153627544;0.389681782;0.236443571;0.280374592;0.149187477;0.32950307;0.204271305;0.220165142;0.162256579;0.406202968;0.218332421;0.213768113;0.169137955;0.389934877;0.21392913;0.230052972;0.145901838;0.401990923;0.201737972;0.214124707;0.191036606;0.387687025;0.241442217;0.286097136;0.171548913;0.296591372;0.181405239;0.27418025;0.185696357;0.353165807;0.178663844;0.298498974;0.183467635;0.332713852;0.174621655;0.292588493;0.17783162;0.349058663;0.173936573;0.290811281;0.186829442;0.342171743;0.205198193;0.222247612;0.185734879;0.382843269;0.175149074;0.176624066;0.207953411;0.43653499;0.184607654;0.204058495;0.201741109;0.40583096;0.195857634;0.172661759;0.199217296;0.428344172;0.185229591;0.179803193;0.188590645;0.442794514
S14;0.263991999;0.224382467;0.310648872;0.197631742;0.17383478;0.195149057;0.331895811;0.292205814;0.132102565;0.203602248;0.299874131;0.354308846;0.139779735;0.173329972;0.320346934;0.352592922;0.170173718;0.208745639;0.329081074;0.286976133;0.291517205;0.214947315;0.32405688;0.166436795;0.193869323;0.165656849;0.34804298;0.284846169;0.14592875;0.158118315;0.346499663;0.341333275;0.178250395;0.190824749;0.335416788;0.289483769;0.174888232;0.154356038;0.381143043;0.282055816;0.265820979;0.186398026;0.364699659;0.180443533;0.160062894;0.138338476;0.415698053;0.280669675;0.137197306;0.120704755;0.400378877;0.33362247;0.148763604;0.120282131;0.425260682;0.296947679;0.166917942;0.131707061;0.429633683;0.267378112;0.123002082;0.142456723;0.58786154;0.145013898;0.11123515;0.112794808;0.593687731;0.179632783;0.099443084;0.099083354;0.583171626;0.214779568;0.088403754;0.096668765;0.601725299;0.210329224;0.092048957;0.11234411;0.626354141;0.166922519
S15;0.049185777;0.127137648;0.671053208;0.149988981;0.035816642;0.078185642;0.713930843;0.169042681;0.05799093;0.092510441;0.668486964;0.17854326;0.035509694;0.086759292;0.683828129;0.190519407;0.049967742;0.102022004;0.678035479;0.168125174;0.0702186;0.128031921;0.590303121;0.209664452;0.041775997;0.092928631;0.611590854;0.25086001;0.063621145;0.128230541;0.589943367;0.215655068;0.050297406;0.119087614;0.584198888;0.243102882;0.052324127;0.109496592;0.613711308;0.22242452;0.048584566;0.152280443;0.645042947;0.152363106;0.044555277;0.100517866;0.686634881;0.165863307;0.076839427;0.111665824;0.640625988;0.168583968;0.04726858;0.10678125;0.664633002;0.178968764;0.067326657;0.115462551;0.651751464;0.163379658;0.035499593;0.080759879;0.75632748;0.125534594;0.025144715;0.06433802;0.76873096;0.139406255;0.031239329;0.067398591;0.768606115;0.130960666;0.027090603;0.066511541;0.778304098;0.125944499;0.024321785;0.070845954;0.769485062;0.133757413
S16;0.369573699;0.344578042;0.12405453;0.157456821;0.219053636;0.268211527;0.183256553;0.318996106;0.207975719;0.252074066;0.182339599;0.346974532;0.289799646;0.253855445;0.170879914;0.277696719;0.235566432;0.2924881;0.153240674;0.30820558;0.328037047;0.289799114;0.160476788;0.217940901;0.217257056;0.226908213;0.181810903;0.367463994;0.291146243;0.215692166;0.148324844;0.339042284;0.281833739;0.222830422;0.162011297;0.326351771;0.233022859;0.226456549;0.169704664;0.365658151;0.27827526;0.313820922;0.17972026;0.22476952;0.1498965;0.263051435;0.212333739;0.36741643;0.128024202;0.234979636;0.220086253;0.406984635;0.173295294;0.273266792;0.221034281;0.324624769;0.151952356;0.243601406;0.21100147;0.385597337;0.134461145;0.163576543;0.52949572;0.170416137;0.070174534;0.126091634;0.574502279;0.224427731;0.057810872;0.116945868;0.596025058;0.223470816;0.07448564;0.127096002;0.582062343;0.211151803;0.045667606;0.095339775;0.661639766;0.193635539
S18;0.212635174;0.302692848;0.245805987;0.236541399;0.133158955;0.257399963;0.287988355;0.317971354;0.141247172;0.232610059;0.28320849;0.338549723;0.126703289;0.242987558;0.328880766;0.298502767;0.148907195;0.22903452;0.292504758;0.326171806;0.266951722;0.253804;0.24623313;0.229955575;0.139392792;0.20142366;0.342755348;0.313739968;0.130161865;0.18435911;0.37543235;0.307366307;0.117885078;0.196526371;0.413885892;0.269211844;0.149423255;0.164910941;0.353941582;0.328833056;0.229331708;0.327130845;0.197623643;0.242314144;0.109802762;0.285290345;0.269569901;0.330750701;0.114057295;0.239193085;0.329957385;0.312092277;0.094965193;0.269600748;0.314171044;0.317917957;0.101599141;0.235684799;0.350520122;0.306695814;0.155612236;0.276217385;0.296412815;0.268988361;0.121803385;0.221344557;0.316563319;0.335844515;0.128436339;0.210779161;0.32407976;0.332117003;0.100113673;0.220423736;0.363145606;0.312531728;0.121654201;0.185267784;0.353834449;0.336226083
S19;0.208907798;0.314295403;0.288917434;0.185213647;0.202807327;0.268663948;0.327437945;0.197635413;0.191739633;0.255354617;0.359020565;0.189431762;0.142324363;0.268215564;0.362131989;0.220618829;0.19508112;0.248381996;0.374955101;0.179571188;0.170559449;0.24723653;0.378167374;0.201643656;0.1621574;0.247050744;0.388163949;0.200358123;0.171321337;0.291790143;0.345288584;0.188926981;0.116500067;0.235198267;0.433457528;0.211417714;0.173203935;0.290722923;0.342505544;0.191268463;0.212299184;0.284860879;0.29209205;0.208110953;0.181969898;0.267274035;0.308354596;0.239032349;0.178497364;0.296004335;0.296160331;0.225576389;0.151253901;0.258895559;0.329880198;0.254866218;0.17805585;0.294973293;0.304061364;0.220052815;0.103513269;0.230890014;0.533972493;0.129876276;0.081523626;0.205851259;0.579687108;0.131299188;0.070423092;0.208664055;0.585607206;0.13324467;0.075896006;0.212717135;0.558711271;0.150703873;0.071426721;0.211525628;0.590173673;0.125530215
S20;0.424227998;0.268283831;0.162228582;0.144378231;0.190849231;0.210749147;0.286036239;0.310873717;0.162158489;0.164969255;0.306319458;0.363862799;0.193218336;0.196198731;0.312541768;0.296321807;0.200029168;0.196982285;0.281289381;0.319354446;0.231759795;0.201751466;0.447647867;0.118132007;0.150646261;0.128250105;0.546467544;0.173188776;0.121492494;0.125601108;0.518530397;0.232196037;0.159465076;0.149646457;0.476749639;0.212734403;0.131601694;0.121516013;0.586206422;0.15905638;0.305963636;0.327704361;0.162278182;0.202563344;0.209804531;0.251379888;0.24314855;0.293224839;0.221840668;0.195755795;0.271979886;0.306985753;0.204447082;0.235462608;0.27767371;0.27965974;0.221031227;0.237536414;0.239637417;0.298464262;0.097505912;0.103204504;0.670500556;0.128141749;0.076903466;0.06194811;0.719899833;0.140695415;0.051340183;0.051545351;0.756723306;0.139754503;0.046130787;0.051075234;0.760819795;0.141365929;0.031232099;0.037581742;0.799591947;0.131166242
S21;0.308021815;0.316708603;0.183321884;0.187710672;0.178013569;0.236581216;0.245952148;0.332943564;0.151947577;0.207101231;0.222328381;0.409615284;0.158847133;0.250874069;0.265052633;0.319797216;0.181124166;0.243128732;0.24531405;0.322421315;0.341343617;0.353040121;0.13687116;0.161798941;0.199424542;0.251907928;0.192165066;0.349511006;0.202520588;0.214997812;0.161169896;0.411556415;0.198855281;0.257105109;0.187684319;0.349240243;0.209389342;0.271822925;0.187622829;0.323990286;0.359526065;0.300907361;0.168349815;0.167875588;0.196069912;0.228800285;0.231151426;0.337522621;0.204494016;0.193437356;0.182255221;0.409159239;0.218352563;0.224867485;0.215242422;0.335094825;0.241462625;0.229355396;0.212463789;0.31074582;0.185507933;0.316801775;0.242898122;0.251049895;0.136910525;0.215100789;0.291964664;0.350139734;0.166579186;0.181503073;0.257193577;0.38538628;0.144408569;0.217864942;0.299773603;0.331929654;0.147173503;0.206053934;0.298503722;0.341520026
S22;0.22033672;0.201525427;0.129016347;0.429747419;0.172355003;0.19718176;0.213314018;0.404489763;0.187145384;0.209479778;0.260739486;0.336921068;0.158832162;0.208674794;0.213601875;0.406181861;0.18766832;0.188057139;0.221803165;0.390343951;0.265905569;0.233688027;0.130696613;0.3524672;0.189829672;0.197232683;0.19510462;0.404572958;0.239492824;0.188055646;0.21742584;0.348132297;0.211574635;0.184529699;0.199800434;0.392289514;0.186595116;0.212451021;0.196546601;0.390922775;0.253881629;0.177624705;0.132865879;0.403901826;0.157228728;0.147762116;0.228158153;0.441867846;0.174062569;0.144510285;0.266231937;0.401110727;0.151836606;0.161866622;0.210823649;0.449169553;0.15391159;0.159326701;0.221036141;0.440507855;0.113077965;0.129640326;0.309647611;0.424037747;0.082199013;0.10193396;0.463773837;0.337458014;0.11294036;0.096827805;0.51712563;0.265687591;0.099085176;0.098857901;0.444968905;0.341507635;0.081465004;0.105837932;0.475510308;0.324491662
S23;0.19931112;0.251830476;0.347833731;0.195003999;0.082171114;0.210200644;0.384441776;0.311437356;0.073376764;0.209765955;0.404005822;0.303112946;0.086586199;0.217519692;0.445227155;0.243771767;0.088028459;0.200062883;0.421050584;0.281111844;0.324132463;0.278523336;0.140710477;0.249318057;0.323764472;0.279041396;0.140677247;0.249185321;0.3242345;0.276283437;0.141957536;0.250165339;0.314908193;0.279731298;0.148642269;0.249575105;0.324952683;0.277946957;0.140796232;0.249019693;0.274775309;0.279467974;0.228880567;0.212507199;0.119464443;0.231197127;0.276947469;0.364247342;0.070141696;0.221459963;0.316333361;0.383436209;0.12821635;0.25031345;0.308292286;0.307030854;0.102638261;0.229036045;0.306889176;0.353206979;0.087301009;0.082469559;0.716869783;0.110429762;0.060389946;0.074458508;0.699244096;0.160375287;0.047636047;0.08048729;0.721232288;0.145205473;0.059251182;0.082685895;0.720688397;0.132880503;0.050158076;0.063444811;0.765634246;0.117110153
S24;0.239411385;0.328904913;0.241296463;0.18863771;0.222933535;0.321719308;0.234109027;0.219468634;0.260652103;0.317073815;0.215585648;0.204590926;0.201356642;0.317912979;0.255032042;0.223349041;0.244646742;0.305201901;0.246683403;0.201302251;0.184810177;0.324144424;0.341237538;0.14728515;0.134736108;0.266559644;0.402261013;0.191554925;0.173036507;0.235896662;0.408985845;0.177682756;0.163905856;0.2820677;0.326879718;0.221326671;0.105241265;0.20669825;0.529404202;0.155787656;0.28330729;0.250533859;0.317923872;0.145805309;0.221650622;0.235677806;0.359699353;0.179050746;0.239345801;0.239749869;0.32363108;0.193027484;0.209972055;0.227412331;0.362616861;0.196261403;0.19848068;0.203098413;0.401003444;0.194243796;0.078346676;0.069474141;0.792051919;0.059393913;0.036896226;0.032056372;0.872361685;0.057907385;0.033632913;0.034009973;0.871126772;0.060400682;0.045052741;0.042964594;0.839448861;0.071762799;0.018393616;0.022222865;0.913243523;0.045611906
S25;0.203035909;0.234400368;0.155910795;0.397782166;0.17291559;0.220648877;0.191410366;0.409065279;0.241483089;0.252739039;0.157622387;0.344481899;0.187158073;0.208348216;0.168887403;0.429527576;0.151518251;0.183542047;0.179145446;0.481409619;0.224526848;0.152084854;0.147637386;0.463792577;0.096383165;0.159950658;0.200579604;0.526698982;0.155559385;0.205112369;0.188274852;0.436781157;0.105275934;0.152180089;0.214255414;0.511695807;0.117377538;0.153226159;0.178973234;0.535528884;0.149404898;0.152470956;0.151178612;0.525973622;0.145751782;0.177354495;0.149553341;0.512982861;0.175386534;0.192853965;0.124263887;0.497082563;0.1170489;0.143549688;0.145807313;0.581637225;0.096241239;0.137576371;0.123466593;0.626513724;0.094669445;0.133350225;0.236356026;0.525523254;0.074378321;0.118600898;0.255009206;0.546412143;0.098012051;0.13547646;0.217536881;0.544733945;0.070877321;0.119808169;0.247864184;0.554618627;0.061407297;0.112031018;0.226519838;0.593892629
S26;0.144811569;0.308471197;0.290405214;0.252100185;0.072116298;0.29732045;0.39636979;0.230583083;0.100823281;0.30358784;0.393840829;0.198558663;0.074167124;0.271583446;0.399806974;0.249605863;0.109530307;0.274548903;0.415838521;0.197549006;0.114971344;0.316459044;0.235194637;0.328316174;0.108716273;0.328433816;0.273636702;0.287328201;0.17006467;0.324956297;0.270051319;0.2333127;0.127448144;0.277009542;0.288909839;0.304288501;0.147149464;0.302605462;0.284382455;0.26339736;0.203195305;0.324599866;0.19054264;0.279138032;0.150599898;0.326280236;0.254887338;0.265832785;0.201854748;0.305842974;0.262992638;0.227299971;0.132020174;0.311590839;0.259131173;0.295023701;0.226100006;0.255969556;0.268463589;0.247084989;0.100323978;0.240852873;0.400259025;0.255348224;0.04550265;0.200026928;0.549163135;0.2036623;0.041005653;0.181184125;0.607314477;0.169343867;0.039560124;0.157253831;0.628603797;0.17293961;0.045807081;0.151555564;0.629674091;0.171418333
S27;0.155525433;0.379507788;0.243179621;0.219251247;0.094900058;0.49244388;0.267891912;0.143591418;0.072882574;0.56576444;0.254691971;0.105828315;0.094086359;0.455256154;0.305983998;0.143513822;0.074378361;0.474608718;0.301712054;0.147975831;0.144588616;0.230165399;0.351158831;0.269002804;0.081623918;0.253529367;0.494301235;0.168234466;0.057467947;0.275382986;0.529390537;0.135825438;0.070349316;0.217399099;0.545761925;0.164477796;0.060306892;0.264655509;0.499621527;0.172507484;0.191960452;0.317857;0.22320497;0.263000314;0.118637221;0.360100278;0.33221805;0.186586451;0.094472988;0.400414243;0.344041876;0.159011719;0.117576241;0.299178137;0.379500826;0.200863241;0.10651009;0.350271839;0.338200754;0.202345671;0.075185881;0.121205392;0.604818836;0.196159824;0.030069369;0.084575785;0.806330278;0.078215612;0.025388796;0.081295235;0.832570864;0.060090343;0.026101769;0.070480913;0.824343165;0.078147274;0.036227724;0.082371674;0.787439508;0.092821238
S28;0.357907058;0.310736037;0.17287582;0.155866076;0.253159888;0.195014855;0.318160157;0.230258451;0.254794501;0.178564349;0.326357071;0.237853186;0.259583003;0.212202737;0.298743528;0.227190318;0.18009432;0.142443676;0.396931457;0.27797289;0.264788937;0.348944506;0.192153572;0.19151742;0.167917517;0.301161894;0.241153981;0.287290175;0.163263843;0.260751144;0.236739592;0.33640595;0.202122531;0.292163617;0.238887724;0.264470234;0.138475242;0.223494435;0.260730462;0.374542247;0.339341005;0.340516342;0.149239976;0.167640235;0.237791632;0.265188332;0.223907956;0.270176889;0.254558521;0.22892123;0.220398567;0.294009093;0.254552089;0.270698647;0.198170311;0.274401047;0.199370797;0.180053511;0.270062592;0.348177475;0.221513101;0.191018996;0.437418045;0.148275076;0.074475729;0.103276904;0.687651944;0.133602484;0.051755516;0.080248419;0.743612195;0.123574519;0.08309149;0.092454983;0.68100182;0.142757538;0.046312427;0.06180209;0.766446298;0.124375656
S29;0.162714701;0.193922579;0.367522353;0.266157547;0.113398062;0.132805041;0.565708523;0.183747343;0.188666265;0.143961066;0.526493874;0.13787755;0.116664995;0.15128762;0.534778667;0.191421929;0.086129492;0.107252473;0.632310932;0.170977606;0.257363393;0.177844199;0.226632404;0.331717232;0.192089441;0.186282299;0.355208925;0.262242309;0.265993614;0.206551034;0.334938565;0.190287557;0.178746898;0.204902047;0.348032056;0.264624403;0.123199416;0.132708335;0.491464639;0.249458286;0.201131193;0.21082272;0.266357358;0.311062976;0.195487061;0.167297817;0.383734841;0.248144053;0.263449286;0.205709366;0.333910743;0.193273157;0.186454691;0.197712855;0.354132154;0.255190428;0.156810741;0.159130304;0.435324898;0.243973838;0.053648048;0.071127437;0.706106795;0.164252818;0.027265527;0.049742336;0.826031248;0.095934408;0.022035282;0.050573835;0.850928576;0.075932646;0.023105274;0.050066756;0.844424834;0.081243624;0.021693529;0.047339296;0.83480723;0.095305742
S30;0.099574717;0.21903878;0.30496989;0.373057443;0.091883546;0.188952198;0.317099511;0.398345044;0.096598377;0.159509889;0.377049915;0.363093449;0.08155255;0.1687108;0.370912972;0.376304761;0.074777177;0.144413646;0.413370038;0.364318229;0.104054997;0.254546208;0.273863435;0.364541033;0.104628658;0.170811567;0.295157315;0.426918038;0.093716156;0.131231418;0.331796057;0.439287451;0.079439192;0.159031121;0.32951208;0.429040834;0.089792524;0.133512588;0.334661486;0.438941357;0.127126088;0.166355221;0.271852513;0.432623042;0.102071159;0.126827262;0.30151138;0.467425661;0.093415912;0.12792037;0.3235038;0.452327277;0.074719138;0.113665107;0.361648459;0.447782652;0.106057165;0.12445199;0.304810385;0.462321605;0.109020954;0.167148824;0.389120703;0.333325484;0.122065911;0.179869732;0.363380155;0.332699565;0.087888193;0.198967827;0.395875675;0.314956722;0.086168781;0.166627223;0.409986133;0.335601928;0.105066296;0.180222553;0.414471485;0.298121822
S31;0.332572975;0.221793754;0.178524881;0.263416601;0.334134925;0.253452688;0.179672731;0.229265689;0.312574947;0.331330838;0.168365014;0.184650839;0.305941998;0.274655316;0.169498136;0.246639191;0.293704881;0.292432279;0.190756976;0.219160607;0.155967276;0.201575549;0.286873954;0.347144318;0.151446219;0.163745633;0.324830437;0.350897446;0.169213667;0.211847439;0.306043749;0.305626686;0.12449283;0.196953893;0.319111891;0.350633309;0.123317112;0.157003513;0.295520007;0.413284726;0.280010963;0.258641071;0.200005787;0.257952818;0.229801488;0.2480946;0.237370581;0.280069606;0.263659071;0.273411207;0.23697344;0.222141721;0.243033639;0.236496419;0.229356866;0.286607365;0.247991496;0.268671263;0.250454232;0.229054701;0.093786048;0.161263491;0.325434863;0.409929632;0.100613661;0.126022052;0.415383452;0.347486103;0.212511742;0.17703849;0.367511855;0.23652803;0.139023535;0.154078837;0.311693839;0.382427803;0.215852911;0.131266499;0.409845877;0.235910554
S32;0.135092203;0.264566946;0.300307173;0.297525903;0.164368608;0.202269716;0.340622026;0.290698044;0.201803739;0.216586929;0.322852749;0.256694475;0.164499929;0.189583082;0.35943915;0.284081795;0.151218329;0.215857804;0.34166998;0.288898651;0.193117351;0.216340466;0.311963015;0.275054761;0.135669737;0.188079224;0.390716564;0.281853824;0.145590046;0.200969006;0.393719596;0.256039679;0.144812399;0.19090045;0.379105032;0.281806957;0.116079796;0.172796602;0.445912141;0.261402756;0.155941452;0.187761383;0.375861783;0.274611086;0.080245011;0.157194659;0.478404115;0.281107976;0.077845614;0.174523757;0.477870911;0.267953887;0.083271884;0.160202936;0.46314939;0.290242241;0.086327455;0.154713555;0.492833535;0.263692202;0.064721261;0.15075259;0.609652004;0.171638707;0.047461569;0.111341078;0.710168937;0.128927261;0.046294651;0.120490678;0.722176217;0.109531706;0.043217147;0.104563215;0.736725473;0.113610674;0.045751037;0.121051083;0.717010533;0.114611693
S33;0.127308335;0.148879039;0.293399001;0.425481378;0.097993881;0.124187806;0.344888809;0.427037722;0.13963132;0.152694548;0.294331841;0.406395372;0.095867018;0.137260826;0.292894315;0.468400875;0.082790559;0.125619713;0.395574073;0.388919752;0.168523272;0.15579622;0.279396338;0.387551889;0.156086693;0.158672886;0.328212077;0.349361071;0.239843949;0.182193081;0.26428169;0.307680268;0.180269409;0.155412599;0.267555842;0.39023685;0.134365091;0.155679061;0.369167828;0.333713431;0.175591372;0.133263298;0.319574034;0.364798401;0.141087804;0.12671332;0.372180725;0.355721798;0.234139641;0.182751716;0.263965915;0.316031722;0.148013597;0.139922145;0.29900553;0.408497317;0.138428966;0.130929382;0.388536619;0.338021587;0.067415936;0.12233818;0.503529604;0.304329585;0.039961438;0.096937627;0.571155869;0.288256125;0.035625771;0.086307537;0.595797637;0.277857174;0.040500108;0.088737707;0.590489975;0.277113266;0.03083117;0.071996827;0.602013633;0.292027504
S34;0.045399437;0.076905082;0.781278527;0.095307921;0.029325331;0.060538655;0.825452489;0.084162542;0.04226225;0.082444504;0.792117376;0.082714977;0.031528015;0.07284087;0.804253536;0.090739986;0.029296439;0.067189163;0.815374907;0.087460544;0.165512216;0.191594969;0.4628976;0.176754384;0.092126651;0.134467769;0.611849836;0.159091262;0.149213852;0.201582764;0.499364419;0.147904473;0.108534556;0.153555687;0.543698563;0.191594072;0.095815659;0.17116816;0.551759813;0.178512725;0.109397393;0.117615729;0.58797471;0.182939212;0.052703496;0.079227353;0.717365008;0.149486195;0.074707697;0.122425174;0.645680357;0.15592815;0.067759353;0.113357935;0.614266141;0.202073243;0.048093716;0.083645017;0.72123171;0.145724097;0.047777221;0.07715967;0.780099639;0.093708844;0.025077249;0.050440181;0.848093668;0.075548949;0.027576684;0.056479461;0.848234823;0.066992363;0.027818746;0.054454863;0.843691268;0.073152166;0.024085721;0.051261395;0.840018326;0.083784996
S35;0.35630153;0.252131909;0.11462818;0.269699643;0.339440503;0.298313437;0.115634067;0.242417125;0.405415638;0.303093406;0.097711312;0.191557652;0.311223465;0.286360586;0.13003941;0.267010613;0.329437173;0.265786548;0.139545754;0.261877841;0.395286034;0.267285698;0.115952064;0.215286225;0.320619332;0.329567058;0.129853623;0.215792897;0.397693614;0.34026861;0.106518699;0.153531408;0.288582158;0.329128953;0.135948493;0.242131436;0.252800798;0.283198179;0.180074723;0.280146551;0.333920395;0.300475471;0.140149666;0.217330254;0.319614283;0.368650094;0.123871692;0.182794283;0.429307372;0.360292327;0.091615613;0.116459998;0.272636963;0.359920436;0.138577005;0.223802268;0.263448669;0.313641374;0.181082057;0.236384903;0.283679613;0.242306595;0.185644072;0.276834768;0.240759877;0.322701991;0.161181639;0.269844263;0.301998069;0.309094157;0.153968855;0.230869714;0.263885067;0.302676796;0.179883379;0.24967627;0.233395723;0.259772006;0.18889342;0.312245254
S36;0.178046755;0.200275421;0.28473756;0.328809057;0.2510358;0.211632408;0.363423432;0.169487363;0.310388454;0.238202976;0.333418861;0.1144945;0.208199975;0.203695653;0.410168275;0.174041938;0.20858304;0.182972652;0.366319627;0.233057397;0.136013338;0.181406045;0.532663033;0.147988218;0.07957708;0.148205723;0.677451549;0.09406156;0.09086084;0.158276688;0.665532622;0.084830518;0.066505626;0.12892825;0.70932503;0.094388605;0.076582352;0.143564992;0.681977231;0.096977785;0.068361534;0.161023694;0.676442456;0.09330885;0.033634213;0.174693534;0.737848144;0.053472449;0.02713975;0.18263148;0.749311516;0.040643863;0.032111813;0.148029777;0.776874232;0.0427289;0.028550086;0.174854647;0.751012642;0.0452446;0.050778443;0.170920042;0.693038836;0.084680919;0.030957525;0.132530597;0.783739305;0.052462975;0.030032278;0.136101305;0.793875031;0.039771344;0.028817046;0.121722883;0.807906183;0.041272098;0.030039433;0.143795878;0.781334287;0.044608159
S37;0.247093116;0.228397806;0.246316715;0.276595017;0.189725665;0.18534389;0.316764982;0.306744023;0.171368939;0.186150842;0.345894947;0.295038488;0.184619249;0.189236714;0.318046917;0.306695608;0.156167791;0.164127633;0.34313527;0.335083288;0.160407638;0.193997506;0.383940221;0.260204693;0.112783851;0.146242328;0.496753091;0.243070785;0.109404028;0.130218275;0.544969442;0.214457913;0.110407478;0.147013618;0.493414936;0.248011771;0.079400055;0.125959686;0.56412308;0.229505395;0.169070373;0.232802616;0.327629247;0.268831312;0.130403745;0.153546256;0.451225002;0.26341217;0.14269473;0.138251173;0.478219367;0.239428939;0.140519591;0.155454488;0.438825712;0.263703101;0.106486923;0.144046726;0.447499613;0.30023726;0.049722266;0.158464239;0.650777495;0.14018558;0.038065168;0.118728891;0.728197255;0.114436434;0.036563025;0.095233898;0.765610582;0.102056151;0.03669618;0.111277615;0.735980802;0.115597185;0.039882444;0.098606932;0.741687824;0.119122824
