;Test;DeltaOz-O1O2;ThetaOz-O1O2;AlphaOz-O1O2;BetaOz-O1O2;DeltaOz-PO;ThetaOz-PO;AlphaOz-PO;BetaOz-PO;DeltaOz-POL;ThetaOz-POL;AlphaOz-POL;BetaOz-POL;DeltaOz-POR;ThetaOz-POR;AlphaOz-POR;BetaOz-POR;DeltaO1O2-PO;ThetaO1O2-PO;AlphaO1O2-PO;BetaO1O2-PO;DeltaO1O2-POL;ThetaO1O2-POL;AlphaO1O2-POL;BetaO1O2-POL;DeltaO1O2-POR;ThetaO1O2-POR;AlphaO1O2-POR;BetaO1O2-POR;DeltaPO-POL;ThetaPO-POL;AlphaPO-POL;BetaPO-POL;DeltaPO-POR;ThetaPO-POR;AlphaPO-POR;BetaPO-POR;DeltaPOL-POR;ThetaPOL-POR;AlphaPOL-POR;BetaPOL-POR;Delta;Theta;Alpha;Beta
S3;Reposo_EEG _AO;23.69467526;29.63182048;39.15446041;132.2145235;10.8081406;18.2138763;27.87688316;101.7784017;20.63360357;27.0948179;33.61571811;117.0255697;21.13716517;28.87141358;34.96242521;118.3066863;23.06945989;29.3861942;40.79380424;147.6300032;34.56006527;34.09306798;42.26517466;144.5985513;34.26359774;33.81897311;38.639338;134.9104586;26.38197466;32.5004848;44.37015172;146.051162;25.41113091;30.52186786;40.36244918;139.9383021;33.00635333;32.23825555;33.94631243;107.8008636;25.29661664;29.63707718;37.59867171;129.0254522
S5;Reposo_EEG _AO;17.56332762;25.64578827;43.60733938;139.9324415;13.25828892;14.34766066;32.1013539;106.3643776;16.32718867;22.93205832;39.33164519;120.220011;16.61161143;22.08458777;37.64271561;111.3123613;34.87616478;28.58212577;43.07107393;142.9086819;36.3140802;30.32959311;43.72176665;130.1509242;36.55945086;30.62259264;43.08121669;130.6448204;36.34368847;29.53218487;41.42564287;131.8189223;36.43048939;30.52275581;42.88401979;135.2246586;35.38234081;24.94604995;35.20499861;89.38610298;27.96666312;25.95453972;40.20717726;123.7963302
S6;Reposo_EEG _AO;25.40484374;29.97990069;44.33833357;132.3773915;13.19259297;16.40654217;38.11793023;94.37898524;16.99937032;26.08355486;40.92977701;102.7056462;23.98844877;25.95431395;42.26045448;112.8031068;25.33264861;29.5840293;46.18233322;144.779974;28.92722343;34.51864192;45.26737285;135.3138552;33.47559446;34.74469029;45.82980603;140.3223476;30.78702744;31.63445292;46.57971206;151.6511236;27.3888479;31.04372762;43.57237889;134.3889601;25.57626306;29.30347075;39.30548542;106.7601598;25.10728607;28.92533245;43.23835838;125.548155
S10;Reposo_EEG _AO;26.31624508;28.85982902;42.81216703;135.3326754;11.51814885;17.56377773;33.94846919;108.6380386;22.13420727;24.50298705;34.70486707;124.454031;24.40104947;29.51246152;38.47355938;123.6053553;28.58419198;32.2660413;46.4816522;160.3450284;33.80367013;35.1990004;42.51924234;152.9081904;38.1990946;37.36931024;44.65371397;150.9100867;28.62485485;33.11106232;42.89173012;150.6567818;28.89761391;30.0649101;42.20399764;143.77593;30.85388562;31.07810708;33.47773368;116.7505259;27.33329618;29.95274868;40.21671326;136.7376644
S14;Reposo_EEG _AO;27.87553022;24.85037107;39.75460275;113.571508;16.14271854;13.27076158;27.46860225;86.63774956;28.17636462;20.80354864;32.15891787;102.2321833;28.40413913;24.4302421;36.99374891;101.1536229;22.8973928;26.71466613;40.85335707;148.0105559;31.35105635;32.22249325;42.29723508;133.8246576;28.65270828;32.43729098;40.53634111;136.9688751;28.75380952;33.05742692;43.32854063;139.2040683;26.10782018;30.44297321;38.69593441;135.6832649;28.6196818;30.49714257;33.04338242;97.62489445;26.69812214;26.87269165;37.51306625;119.491138
S15;Reposo_EEG _AO;25.87400029;28.36541108;43.18219808;141.8774484;11.78261419;12.04991234;28.08505871;102.1557258;19.4093015;24.13289246;36.17389388;123.7001094;19.79364101;21.23111677;32.18126203;107.8492429;27.33292799;26.42099942;41.37205273;147.4919317;34.37650682;34.47283461;44.5769347;149.708976;31.95145014;33.16550303;40.65005847;128.8249038;30.89960934;28.29865727;42.20488935;143.0717213;30.24493796;30.55636483;42.33543223;134.7938469;28.56533976;27.6354131;34.44229441;98.05592407;26.0230329;26.63291049;38.52040746;127.752983
S16;Reposo_EEG _AO;27.57290487;27.60912033;37.51818857;137.0557952;12.13729795;16.89704719;25.06187942;106.0378679;19.14257407;26.09593389;32.539643;127.0543783;27.64812498;27.14283226;34.52626125;110.6219852;20.2118446;30.05988922;40.83913027;151.3035121;25.81741901;34.90531702;42.13304206;153.0135823;29.60517633;33.58020747;42.4860703;138.638787;30.89095862;32.90212187;42.48612858;149.4485486;19.84050979;29.52383093;40.40688419;149.148151;23.21110977;31.17187128;36.65568003;122.3923368;23.607792;28.98881715;37.46529077;134.4714944
S21;Reposo_EEG _AO;23.60005334;30.02202959;38.16537456;101.1294901;8.635842594;16.37641435;23.95924717;62.14637772;21.44424108;25.31088055;28.21625177;87.07484079;20.53136499;26.65869503;35.25971961;92.98501133;21.16920765;29.39633509;40.38884886;142.3935062;36.21040203;36.1075644;40.44464634;150.8945767;29.25201619;34.00920585;42.15359421;150.9010988;24.77124787;33.8174505;43.03180851;145.1678533;22.16291064;30.63918986;36.77699695;138.4955493;30.79094052;31.77065038;30.18266203;129.0766048;23.85682269;29.41084156;35.857915;120.0264909
S22;Reposo_EEG _AO;25.21818322;30.44680718;43.17154978;151.2265859;13.06235986;17.62438914;33.04681704;112.917527;21.95884262;27.57134852;38.86206527;143.6896285;22.1069091;27.36333802;37.55967919;145.2161397;25.23577245;30.60714509;43.9171039;146.1367691;36.08933798;36.45269901;45.32344698;159.3074733;36.08930884;34.39905725;43.39249123;154.496068;29.81619506;33.90448885;45.01231783;148.7125475;27.53740245;32.18851958;44.51621799;142.5738181;34.05036659;33.41848823;39.04412618;143.3567362;27.11646782;30.39762809;41.38458154;144.7633293
S23;Reposo_EEG _AO;26.0936247;32.64141117;44.03124125;147.3779315;13.27963563;19.21345958;35.68123748;123.0082859;26.02806658;28.65650273;39.60644859;125.4115024;25.08004373;30.1112464;41.66395946;139.4954405;27.36015454;30.1648878;45.74621833;156.095372;35.31612973;36.79016323;45.65192969;141.3499427;36.19713247;36.87384593;44.67850067;153.2299999;29.29903028;32.98822352;45.82246357;148.3269409;29.62969497;32.40793767;43.476854;147.082356;33.68019144;34.57580214;38.88358277;117.3578086;28.19637041;31.44234802;42.52424358;139.873558
S24;Reposo_EEG _AO;30.26992651;31.27118294;43.03885142;132.0401109;20.25919508;19.79697584;31.27348381;94.26960891;26.05998243;25.58081518;34.69781743;113.6781926;26.75843083;27.08600249;36.69114537;117.5987826;33.67944831;33.2852241;42.74306604;143.0972692;37.12353679;35.1878176;41.66742764;140.1892528;36.89676531;35.05955029;42.96115822;140.741259;36.47029829;35.03608776;42.86651044;140.0286399;35.57105787;33.7902696;42.24986087;137.1598481;35.23236924;29.97093369;32.69177285;106.5522332;31.83210107;30.60648595;39.08810941;126.5355197
S27;Reposo_EEG _AO;18.49536936;20.0486186;34.29046507;123.8221973;14.16679161;16.54749002;28.68555701;86.81406746;21.69143829;20.69911344;35.53317931;111.2111308;19.19077146;18.11677602;30.95089679;107.1475143;31.57302931;34.45164719;46.48333858;140.6934881;28.18999724;33.78427438;42.33845601;133.3996733;31.49613533;35.57902224;42.31525789;142.4324513;33.55795188;32.19674551;42.32944663;136.5463527;33.41037319;36.79358956;43.52915582;139.2695335;29.46811616;30.68154079;34.86947725;108.168744;26.12399738;27.88988178;38.13252304;122.9505153
S28;Reposo_EEG _AO;17.66373218;18.76393257;34.0728081;101.3088909;12.21731539;12.85459825;27.45256889;77.33263826;21.15866363;21.19944305;34.92412186;105.6002972;11.44220096;13.83847029;25.21423374;79.58546056;32.95362185;30.44032666;45.8933239;147.2544209;32.95189592;34.00635614;41.98562192;136.6869956;28.70232851;28.41226426;40.48996571;133.1155999;29.34287254;28.66135795;40.4189074;133.4248598;35.18282684;35.82185088;43.33334777;140.549744;24.15289794;24.89145077;29.86362277;101.1244456;24.57683558;24.88900508;36.36485221;115.5983353
S29;Reposo_EEG _AO;9.052544933;20.69911893;37.24883433;128.6540362;10.18805032;13.15147437;28.02849651;96.4701048;10.38591136;21.21266375;34.46370368;121.4127364;8.770244278;19.62121673;28.12910453;111.0734785;34.79290757;34.61345291;43.7565493;151.3778144;35.88368322;34.76511236;39.18355205;141.6680631;36.07254172;35.46138346;40.15654005;145.4632394;33.16177548;32.87825037;37.36745479;134.5770494;35.13255981;34.32580141;42.36201794;141.3330441;33.63792347;31.61613652;27.21589107;106.5709337;24.70781422;27.83446108;35.79121443;127.86005
S30;Reposo_EEG _AO;18.16798937;23.16386372;36.33351687;103.9338227;13.15128665;20.60795171;34.31678704;85.04152942;19.31849274;27.54030763;38.87665594;110.3305421;20.74926987;27.02259002;35.49521674;97.35874238;25.06612019;31.28925664;44.35283331;140.97371;26.99173233;30.18686648;40.47934251;131.0426659;26.45960251;30.46000869;40.19631281;130.4524654;31.0661397;34.67449767;44.25726434;142.1613092;32.60067269;34.86272803;44.83760514;142.3663272;29.95243381;31.66558495;36.70345304;111.33449;24.35237399;29.14736555;39.58489877;119.4995604
S32;Reposo_EEG _AO;19.60887585;21.94663644;38.08833529;127.5931138;11.52349747;15.3626919;31.75932244;93.01222567;23.10553959;25.13221036;37.80653581;122.973613;20.88809789;22.18810591;32.65765944;112.3721281;35.27483435;35.79332961;46.65156619;151.5651552;37.72618445;36.93217274;45.11415198;154.5502187;35.48168607;35.9797063;43.96299272;148.4583402;32.16185983;32.14761686;43.12270833;144.8966605;33.18454366;34.20298028;44.65476125;149.2495185;33.4289763;33.30265995;36.13562386;128.7091764;28.23840955;29.29881104;39.99536573;133.338015
S33;Reposo_EEG _AO;11.44239931;19.45539715;37.17219599;120.174246;11.15566136;12.49918585;29.95060248;86.65438084;12.92107552;20.6662896;36.72663463;115.3639372;12.84746551;15.49384485;28.84053261;97.36518577;36.02435189;34.11051526;45.90350419;154.0158616;36.96923589;33.20552164;40.05458232;147.4393035;36.67330309;32.82817837;42.21418763;145.5217606;35.16412791;31.10456132;39.27411678;142.4226522;36.81761792;33.71229458;43.93251511;146.5133721;35.6059532;25.03505792;28.2553818;114.2535665;26.56211916;25.81108465;37.23242535;126.9724266
S34;Reposo_EEG _AO;16.26767102;21.13028136;38.22433558;121.196662;11.41485617;14.17704271;34.21040903;88.24706073;17.98715238;20.85793594;36.57602919;108.1314955;15.09512856;19.72770483;33.572231;96.1808902;35.49019492;35.64338643;47.87960662;150.4815056;35.43391187;31.65931205;42.89159669;131.2359008;33.71028768;31.4333919;41.40519491;123.2459909;31.85426594;29.34297041;42.16885688;126.8755086;32.00039626;30.41244067;42.43502625;126.9802847;28.44835086;20.52752948;31.71227532;78.87762563;25.77022157;25.49119958;39.10755615;115.1452925
S35;Reposo_EEG _AO;14.58281882;17.65864745;31.71845595;108.2477423;13.30394632;12.4230348;25.5076957;73.82626464;14.97223528;20.43559052;33.34929581;113.072694;13.80924746;16.12682867;30.09092885;86.71282848;37.13989176;36.25732965;45.12995107;148.5223952;37.55817122;36.14709902;42.49356759;144.5077268;36.23911425;33.54833826;38.93678687;128.6766512;34.87070441;32.63656961;41.72596906;129.6336065;36.09734689;33.64405126;40.15662086;135.3036428;34.42601356;29.72554486;31.6340203;98.00574813;27.299949;26.86030341;36.07432921;116.65093
S36;Reposo_EEG _AO;17.28359567;17.41948446;36.6545717;133.7297785;13.94454677;12.27419688;29.00569803;88.18234305;17.59122064;18.09763776;33.9187801;114.6109501;17.79440859;18.7911194;31.51128473;102.0059602;37.67496985;35.84595876;45.68591066;134.6209678;38.59447482;37.00283075;43.55188337;134.6119384;37.03494936;35.23022226;43.12320385;120.4455897;36.66756919;35.16231006;43.63778287;128.463802;35.73975085;32.944404;44.27718867;131.7955118;36.47155982;34.60536069;35.98345095;91.72008403;28.87970456;27.7373525;38.73497549;118.0186926
S3;Reposo_EEG;24.20600235;27.84127962;42.40249179;142.4029221;14.57681959;19.64228871;36.77400339;113.4959852;23.34232793;25.1237943;38.03138882;125.4576764;24.81857506;25.67519891;40.60438404;128.352676;29.20532396;30.64031945;44.34992441;149.5505179;30.92602076;31.14580323;43.40651889;146.6708197;32.4876342;31.59726545;40.84999413;139.5887517;32.73342653;32.3986458;45.3703916;148.4115646;30.77895299;32.44917367;41.64593225;144.0025205;29.68153613;26.18091401;34.84145103;115.7581673;27.27566195;28.26946832;40.82764804;135.3691601
S5;Reposo_EEG;22.18415758;27.42886055;43.7191543;136.3920788;12.45860634;17.13606424;31.85874512;96.22531301;17.73734362;25.87165613;38.33010224;115.4419984;19.79487092;21.06855936;33.48633828;105.5993911;32.5823476;31.07003263;41.89392335;141.5910139;32.88552419;34.14169229;42.41633;138.4357859;34.01432175;29.70875351;39.20772833;127.9090125;34.02463562;31.39570314;38.43041132;133.9311969;34.0414696;32.50522115;41.87143368;135.6521803;29.9036744;26.23423399;29.25449416;93.27352165;26.96269516;27.6560777;38.04686608;122.4451492
S6;Reposo_EEG;29.92849032;30.80508784;43.74667113;133.5534055;21.62465933;22.75780795;37.15019875;86.4844341;26.84602537;28.15113184;38.99303502;95.87437481;25.35229889;29.71274609;38.43049453;86.9346364;30.86333832;33.68998008;46.23062163;125.5752482;31.24932434;34.32557834;43.22870044;118.4430444;33.20169473;35.50569519;44.01436778;107.5273504;34.40153646;35.84016742;44.90557643;136.2927163;33.55512402;34.41878644;44.10320277;125.517914;28.78809828;32.08373084;35.72353158;83.50885226;29.58105901;31.7290712;41.65264001;109.9711976
S10;Reposo_EEG;21.10274922;29.20563761;46.53922649;137.5756658;13.56957462;18.91737604;41.84506033;110.4814569;19.16279646;24.91397942;40.97703114;121.5637193;21.27425782;28.45550803;43.71604976;123.6542593;36.05702278;34.06236039;48.5904453;160.5761817;36.89133309;35.78557838;45.335246;151.0357321;37.50474305;35.64332932;45.82196009;152.7014756;34.29308206;32.39378967;45.85589658;149.7237778;34.09427559;30.16046763;44.10379146;145.9974341;31.47131574;26.89753861;36.49313489;115.3534867;28.54211504;29.64355651;43.9277842;136.8663189
S14;Reposo_EEG;31.29898077;30.34398904;45.04933375;116.9864308;22.09372573;20.78565668;37.59778141;89.12404943;28.81593705;26.29539792;38.89546314;98.21895845;24.86437841;27.53665095;42.15215132;106.0625271;32.89204563;30.58998486;45.90339508;148.3254873;36.46867798;32.05645237;45.18645974;134.1163431;33.06307512;32.03332238;44.16252489;140.7210371;35.10991017;33.28735623;45.40393885;141.7045914;34.75847242;32.15866746;42.87343476;137.3374667;31.55411506;27.3164132;35.84477144;99.18841113;31.09193183;29.24038911;42.30692544;121.1785303
S15;Reposo_EEG;23.15062975;29.77169371;42.93584636;143.4323664;13.04818232;14.23108358;28.54878171;100.7255017;19.45405853;20.93734763;37.47864274;119.191888;20.29148221;23.23440195;29.41861933;107.2816273;29.36023332;28.90118029;42.17074459;144.9008395;33.19041196;31.16348153;45.08374531;143.0935642;31.89963718;30.97848413;38.70104889;131.3328729;31.17922708;30.41408168;41.57104494;137.6515528;29.35162132;28.28423104;42.70588304;136.2898936;25.07041532;20.81351303;31.40787386;96.30539687;25.5995899;25.87294986;38.00222308;126.0205503
S16;Reposo_EEG;30.60969289;29.64195921;46.13338999;140.5763121;12.06863241;16.59894268;39.44249058;107.519583;25.6389559;25.6443546;43.17372327;126.5882931;25.31365366;28.05588818;43.94698039;120.4599831;21.09651816;29.21165005;46.43403177;152.6152706;32.14562757;34.57621499;47.31630574;153.0852181;32.27981604;35.01911672;47.14807251;146.4475119;27.4308389;33.45726625;46.30677773;150.3337761;26.58478235;28.92677689;46.17007371;148.0453545;29.89526139;30.96206242;43.11017144;123.7875006;26.30637793;29.2094232;44.91820171;136.9458803
S21;Reposo_EEG;25.21284295;28.90841255;40.37504349;103.3454086;12.29651107;16.41872439;27.54701973;67.57519205;18.01134063;24.92676333;31.01353501;89.87013482;19.55108913;23.02393454;34.94203693;91.61448553;26.38889128;28.2652385;42.41704351;144.964632;30.86716738;35.60867978;41.32680355;152.0153248;30.39441744;30.29211808;40.70118583;143.1509525;32.25143725;31.33245206;43.19446707;146.0313627;28.43050305;32.01481314;37.51256945;141.3915362;25.89581174;29.22198953;28.39400307;121.6250111;24.93000119;28.00131259;36.74237076;120.158404
S22;Reposo_EEG;28.9943589;32.53360005;43.89633358;153.2949559;12.34905546;17.86036633;34.01009907;112.8281179;25.89308123;27.75006439;38.34217134;143.8329332;22.33663825;27.88516197;37.16899014;144.5205373;26.07626996;28.59886186;43.41172355;144.6574355;36.21487063;34.03616812;44.21508298;159.0200313;30.60722613;34.17770335;43.41232615;154.5915992;29.27470696;32.2602651;45.26804414;147.221893;30.9258081;31.32610373;45.17357849;143.0787517;30.63489354;30.67486246;39.01166147;142.4762944;27.33069092;29.71031574;41.39100109;144.5522549
S23;Reposo_EEG;33.02790128;31.44219802;45.47588667;152.4214612;19.04425478;22.27745987;37.27450834;129.6186328;28.69839078;28.72311537;40.36563631;130.3465746;30.36177958;29.89199504;42.0090346;141.581262;30.00612096;33.69954005;45.36340046;157.6087493;35.01087175;36.04142664;45.2766738;146.6381466;36.27488537;34.77595118;45.37076195;150.9542231;33.99147622;34.78830267;44.60257452;151.2229384;31.12443123;32.64452451;44.95936716;149.2219755;32.38061469;30.54638715;38.53605608;119.3136886;30.99207266;31.48309005;42.92338999;142.8927652
S24;Reposo_EEG;33.5154549;29.46458716;46.83502209;128.0184104;19.30771417;14.22235353;40.7035213;89.05168953;22.72837774;21.18868016;38.09511812;99.05405908;30.0299444;24.05807801;41.20036185;106.2082125;29.21770576;24.50076998;47.14561873;144.1043695;29.97940248;29.87580182;42.27119618;131.5610209;35.91692902;32.2115123;44.17925195;135.6171766;32.50349424;29.5116055;42.53016603;133.4743383;30.03398161;26.03347264;43.50834892;130.1212983;27.30715256;23.14553531;30.82820672;88.11438573;29.05401569;25.42123964;41.72968119;118.5324961
S27;Reposo_EEG;17.54025572;21.32416542;37.94864269;125.9192442;17.08461977;15.28897892;35.44197911;102.3151975;16.27848059;23.73984876;39.09963901;117.537772;17.43392187;16.67743522;35.12608927;113.51663;28.2351064;34.63585716;47.60238726;145.8460696;26.52616446;32.43957362;41.58065265;135.5545011;23.95828598;31.93997205;42.91513347;136.6560887;28.66453525;31.51994098;42.86320915;141.8254984;32.79725816;34.79363764;44.20863656;138.6464615;19.33794656;25.09053478;32.82905687;107.3194787;22.78565748;26.74499446;39.9615426;126.5136942
S28;Reposo_EEG;23.29682376;21.28313756;36.33629246;101.9026786;14.32142347;12.97612103;32.27561941;74.59482718;26.50778586;24.45676993;39.41610663;106.5739932;11.02457566;14.44161936;26.08825306;68.00500082;29.35749296;31.42831957;47.92635554;148.4901362;33.85815136;34.20696394;39.89437946;133.4733509;22.93286671;27.79035896;41.05494079;126.3690969;29.2208836;28.50644097;38.6740022;127.5556886;33.1159845;33.40677975;42.87066868;135.6874967;21.10607002;23.71935435;26.62628103;88.18555565;24.47420579;25.22158654;37.11628993;111.0837825
S29;Reposo_EEG;25.59970906;28.36101804;41.82692932;128.4415842;14.88146332;22.2680241;35.32776569;98.06209191;27.28753214;30.19540681;38.85263524;121.0450486;20.05912999;23.13158165;33.96025621;114.6546739;31.7121791;37.23556905;47.28970794;153.9728233;35.74088395;34.81094413;43.71344238;141.8574381;33.4688946;33.15774383;42.04039291;147.9946812;30.39608128;31.99935993;42.15220393;135.3727229;34.27480101;34.63038076;42.72337392;142.6444398;30.1225665;25.78335829;31.23148839;110.8320241;28.3543241;30.15733866;39.91181959;129.4877528
S30;Reposo_EEG;28.50457694;26.89687358;42.67206749;127.0344461;28.31908421;22.88828664;38.48405558;101.8050352;33.99342479;27.11610303;42.14767872;124.2239907;30.30949614;25.25887157;35.0016931;105.8037601;34.13117469;35.28756882;47.60324913;155.7851684;30.94757909;32.69143785;44.05943046;143.9988158;31.150766;30.74442092;41.85636662;141.5683275;34.16681864;32.54539734;43.02791628;142.0733744;34.52671277;32.26747435;43.56524674;146.3940682;28.70085984;24.76429151;31.78761147;107.6283797;31.47504931;29.04607256;41.02053156;129.6315366
S32;Reposo_EEG;28.40665986;22.68037228;42.99262202;129.8796283;23.77988692;16.9144092;39.10392469;97.489636;29.55059317;23.12792226;41.78182097;122.539287;28.31241957;22.39667712;39.6016954;110.7113589;37.88403059;37.46067577;48.53806643;153.6059395;37.5303439;36.02701934;46.28520945;148.373675;36.90057838;35.06193308;45.14354751;149.1286599;36.23975956;34.34212119;45.96553647;142.5971439;37.05019279;34.25452662;45.48343265;150.0529962;34.24907019;29.1874145;38.29059261;121.5154851;32.99035349;29.14530714;43.31864482;132.589381
S33;Reposo_EEG;21.58142721;26.18119051;42.07474651;127.4463482;17.08134608;18.3087981;36.78910607;98.85164931;25.47918574;26.45913276;40.0002484;117.9618614;18.28921048;17.09966029;31.10579762;95.38464036;33.23259802;35.48760396;47.93501782;156.4787505;33.27319014;33.51573348;41.84888035;136.900047;32.8311308;28.60290285;39.70079967;134.3774584;29.41712888;31.21605547;41.52927483;133.2147878;33.96545918;31.28488735;40.74678027;137.8912304;27.62840517;20.19152021;26.77230417;89.35509948;27.27790817;26.8347485;38.85029557;122.7861873
S34;Reposo_EEG;20.09054097;22.92545232;36.66547747;121.9629239;14.98153931;15.52700062;31.79812523;96.15579196;21.09306179;22.9965077;36.06586088;114.8778607;17.39191118;19.86467272;36.24836479;94.39822698;35.51515014;35.27668631;48.18680345;152.267193;32.43339605;32.48776463;45.75618531;135.0070502;31.0391402;33.08470659;42.44725046;118.441075;28.72536063;30.00821609;44.80780772;130.9603463;32.04033464;31.30167197;42.38625858;130.2976514;22.81547587;22.91213193;35.25984957;82.67612153;25.61259108;26.63848109;39.96219835;117.7044241
S35;Reposo_EEG;13.10705315;22.90335485;26.75879854;97.20150044;11.05430809;17.56773515;18.74068699;76.63627509;16.80343861;25.36120655;29.17532054;104.9114288;11.57091395;20.31840515;21.69914334;82.72397955;32.13645028;37.20868457;43.23031787;149.8493642;36.77231836;36.12290994;40.87673974;136.7885648;33.5062481;34.22764424;36.78198336;132.444991;25.72978591;34.56156706;36.77762654;129.0611408;33.02237414;35.23252201;38.58922213;139.1700477;29.47528494;29.58362836;27.11746861;96.41039812;24.31781755;29.30876579;31.97473077;114.5197691
S36;Reposo_EEG;23.44003902;26.37308499;42.03349894;128.8363429;19.66385502;21.26979751;39.22689192;97.40032875;25.68209511;24.23059135;41.7048371;122.2357847;22.19346037;23.45689459;37.20156421;101.2328275;36.1435446;36.68521184;48.32889976;152.0890451;33.69293695;32.61771163;44.57894712;143.3986609;32.15891838;32.22986922;42.32361264;136.7836249;33.31239399;31.64731198;43.82223656;135.8232357;34.76825286;32.12924753;44.31296106;146.4196523;27.03222894;22.66095928;33.86613979;103.7751882;28.80877252;28.33006799;41.73995891;126.7994691
S3;dots_motion_both;33.41465958;29.05393742;38.13168746;136.4019663;17.64979943;13.96792648;24.64577458;97.28295159;30.9830001;25.01135214;32.43245587;121.6283526;31.85676643;27.67288264;36.0217613;128.7433896;30.49401908;30.69294442;42.63487861;151.7449686;37.63333757;35.87097268;44.87025083;154.4028486;37.43752253;35.88830518;43.21234188;148.1876779;32.1577554;32.15448663;44.46522643;151.1338634;30.44851584;29.99587443;40.36267691;141.1661714;34.66041488;30.81753569;36.88552376;125.5696019;31.67357908;29.11262177;38.36625776;135.6261792
S5;dots_motion_both;22.15403714;20.61316401;35.29750647;131.7434838;11.60791448;10.15792827;20.66846508;92.95906418;22.10059055;17.09411387;31.11624446;111.6895868;20.64169431;18.87721263;30.84647626;111.5031198;20.20169852;24.12028786;39.27542551;147.5007301;23.30359737;24.71094103;41.8189249;144.4415234;29.45770019;30.40018118;41.58180813;136.0018767;25.81158673;25.63787082;39.93035856;145.2206023;28.68047362;26.74298796;38.07320448;136.7965932;24.46004884;20.4842238;32.41660397;105.0113651;22.84193418;21.88389114;35.10250178;126.2867945
S6;dots_motion_both;9.774525605;22.83250803;35.81008605;146.6600309;10.08713242;20.56535841;22.9835701;47.69569482;16.86478288;27.12208819;25.2485384;61.75381045;23.38013349;27.94801193;27.61832495;50.01112109;7.814615631;24.46428291;34.82768819;80.53614873;5.661658251;22.07549592;32.23708602;87.05187163;16.2614624;28.55920257;33.28199741;66.43880304;30.32455382;34.65792088;43.66832444;129.8786954;22.72674042;32.7478649;40.22688326;120.9155911;17.52411106;29.67526921;29.74893227;60.72685129;16.0419716;27.0648003;32.56514311;85.16686185
S10;dots_motion_both;28.15549326;29.73160882;39.6690994;120.7254103;10.32099536;15.68568388;27.23952714;82.90702827;19.24955114;25.41437762;35.78115434;107.1954488;27.15849923;28.48604728;35.11206024;109.1389707;25.99167636;32.50079023;44.99607415;154.6009131;28.48392748;35.02302692;45.81316345;154.0152835;37.5693308;35.91489158;45.02884529;149.1918473;31.31457855;32.4588544;43.81368848;148.9514628;25.46955334;29.88506006;43.19263808;143.0382079;26.52736193;28.60629565;37.34626511;119.6945775;26.02409675;29.37066364;39.79925157;128.945915
S14;dots_motion_both;22.73390473;27.28379998;38.545153;131.0857125;11.55089566;15.18968094;29.96088339;99.61432331;18.40533733;18.7387805;31.50448208;102.9060591;22.60796211;23.27084021;36.8123068;110.3398305;23.79638425;25.27333317;42.85548203;148.3732855;23.09041571;23.1613807;38.70694537;133.9608609;29.60386643;28.30213178;41.15697475;129.128798;29.02181559;32.74836289;43.68109241;142.8554872;26.27245425;27.99398761;40.73400153;133.3326583;20.76987339;19.33897648;31.20478707;87.30537266;22.78529095;24.13012743;37.51621084;121.8902388
S15;dots_motion_both;25.8592942;28.61719897;40.94474316;98.68503775;11.10345336;10.11271632;26.957773;48.92414311;21.76817478;23.88691852;34.72132518;78.95075036;20.95336713;22.00712781;34.8314416;83.16411122;29.02684247;26.72123702;42.92813869;137.5418791;35.62786594;34.79313988;45.05558158;146.1755503;33.52718989;33.62943453;44.11335024;138.6341372;31.83996861;28.74661056;43.60650083;139.9172831;31.549264;29.89979533;43.21989851;133.2725008;31.0454298;27.74655899;36.86977027;109.0446565;27.23008502;26.61607379;39.32485231;111.4310049
S16;dots_motion_both;29.71218803;29.54427855;40.5853715;137.2440285;7.789608774;13.55058226;28.4807655;103.1915434;23.36953496;24.97706202;36.39144016;124.7816172;26.76867102;26.57632385;37.04522509;110.1381855;17.74012727;28.58514369;42.64931038;150.4562252;32.79720614;35.42182888;44.1726689;150.1529356;31.29008012;33.30632494;42.81117036;138.2491357;25.51708538;32.02310878;45.14554904;150.2023921;20.49887252;28.88190622;41.86213627;147.3333205;28.80910238;29.79847924;38.30788794;118.1439952;24.42924766;28.26650384;39.74515251;132.9893379
S21;dots_motion_both;31.65844326;28.77688968;34.27058771;98.34631633;6.992189781;12.70642406;17.04394216;49.76979983;19.7548522;21.77069364;27.15123682;79.75252625;19.74398542;25.09516319;27.70423648;84.02796899;15.87141663;28.10682644;39.98103248;142.1196736;29.62981538;34.40812122;43.10403447;152.4615839;26.71623874;32.24659577;40.15732315;143.6066919;23.68006058;33.30452847;43.0335919;149.9601382;20.61318086;28.59157942;39.02100522;139.1191506;30.25904934;29.40732963;34.25671369;126.6431867;22.49192322;27.44141515;34.57237041;116.5807036
S22;dots_motion_both;32.25186199;31.33066337;39.92653772;146.5198109;17.13242906;14.39965304;28.1010357;104.9590467;28.95730251;28.17974202;35.4858402;138.9830824;29.2046432;26.60870789;37.23712418;142.8883014;28.73724111;29.16392221;43.73615051;148.3566238;36.7793156;36.1790281;45.0662768;160.7474077;35.5313173;34.88218838;43.09411839;157.1886475;32.09092463;30.72357806;44.92005801;150.9668862;31.02541267;31.13978116;41.43987474;142.9169191;33.89203922;31.26789456;37.84416929;145.8021605;30.56024873;29.38751588;39.68511855;143.9328886
S23;dots_motion_both;28.85812377;31.24544547;39.47213925;142.7354413;13.35486295;19.34873204;26.57559405;112.3532477;24.80686806;26.8199165;34.42426413;123.3495282;24.95231241;29.29560606;37.41634124;134.8043817;30.1384293;33.66126919;43.18686349;156.4027276;36.99347757;36.61473584;45.05708995;148.1428891;35.85072402;36.02554308;43.68075949;153.1783061;33.29613872;35.39802206;43.64124398;150.5382276;32.18446891;33.07799363;41.97474634;148.5689807;33.15085295;31.8485627;37.62924915;122.7490765;29.35862587;31.33358266;39.30582911;139.2822807
S24;dots_motion_both;31.57652149;31.52718164;40.68627828;107.5207148;19.33318669;21.35305695;26.82201865;58.23782194;28.94399628;27.2745606;31.17926113;81.38800464;27.72358639;28.50225619;33.49451765;82.50340433;32.66450515;34.22772205;40.79068585;129.9637147;37.32453477;36.58421596;39.56862123;121.138527;35.40013564;34.54304859;40.50013917;119.3256931;34.44743742;35.70455429;41.18112201;128.4875011;35.14349682;34.57402648;40.62108478;125.8042414;33.50827655;31.05821135;28.956503;78.45483739;31.60656772;31.53488341;36.38002318;103.282446
S27;dots_motion_both;18.9928002;17.78340937;30.59489643;113.4151456;12.71358105;12.78193478;25.2333493;79.48861427;18.58628033;19.37549174;32.30922841;109.1571415;12.99440261;15.47893136;27.17402959;91.66368477;30.23179544;35.33977734;45.42321526;136.7732096;27.09369057;31.68820397;40.90344873;130.4926381;27.35375361;33.73985882;41.10355208;127.0086109;31.70083719;33.59594364;42.36321574;135.8421537;33.57170952;35.70438929;43.41106729;140.6729268;23.01411404;28.01570274;32.66516942;100.6181905;23.62529646;26.35036431;36.11811723;116.5132316
S28;dots_motion_both;9.809988518;19.65548914;30.69505677;74.46426258;5.590485717;10.79269358;23.92115207;52.79408815;16.25214616;24.59647113;34.20334965;85.29686272;6.691836561;12.62704988;21.4316215;52.70994243;30.27097831;32.79830123;44.36695798;142.957434;29.39849125;33.03578321;37.99342918;124.4626983;26.28446706;30.60617455;38.62598111;123.2199727;26.69075397;28.87313457;36.78734837;124.4986057;32.20069756;34.95251696;42.33119702;137.7903851;21.5021925;24.03581114;25.98198291;79.69483372;20.46920376;25.19734254;33.63380766;99.78890854
S29;dots_motion_both;14.04977211;20.76375225;34.31062734;123.7512306;8.093523199;11.91620637;23.29749222;76.21022664;17.93556944;20.58550766;32.89521782;118.4300083;12.93859649;18.60509599;27.7027508;105.909737;36.07351964;34.57658807;44.5275591;142.0551381;35.39162163;33.59027993;42.60429538;145.7131834;36.97077849;34.38949292;41.78411183;141.4801921;33.07992082;32.72972882;40.58075219;132.7027761;35.82120697;33.35843973;43.14265548;138.9018897;34.40014948;27.67038969;31.8325117;114.1555182;26.47546583;26.81854814;36.26779739;123.93099
S30;dots_motion_both;21.31377315;25.05123447;33.7704732;107.5539686;14.6442024;16.65530787;24.32442614;67.81252514;23.01279622;24.66355701;33.69305277;102.6874836;22.37925872;24.01682695;28.33923633;84.34651038;34.88943873;33.77362453;44.96587107;149.3485116;34.54165591;32.32379001;42.96696487;146.2855604;34.28891596;34.15297381;41.52324606;139.2680768;34.96975846;33.23675362;42.27700024;139.2451075;35.23596106;34.16558745;43.84505443;142.1396725;33.71284822;28.9672005;34.22911192;105.9490866;28.89886088;28.70068562;36.9934437;118.4636503
S32;dots_motion_both;11.70651485;21.02428735;32.58457209;120.0354589;7.209306967;12.17492575;22.56820549;83.12127383;17.35328626;22.62683072;33.20433308;114.8829616;14.77154167;20.88521351;28.80822388;106.0715877;30.60040106;34.78293151;45.77666667;153.5984921;34.89899528;35.73389876;44.66787803;153.7503091;33.03326853;35.46147226;43.96038352;149.5772663;24.98594773;32.46234516;41.47188404;145.9821558;26.06484474;33.51448915;44.03613869;149.9108112;31.2740315;31.6155836;36.00809012;127.3496035;23.18981386;28.02819778;37.30863756;130.427992
S33;dots_motion_both;20.49611658;22.91402541;35.1187579;106.6498542;16.2827525;19.70886475;32.00083865;89.59295839;25.79310177;28.15829861;40.29258556;121.5148254;20.58896516;23.95800568;32.40885519;95.3621512;34.72313028;34.63797939;43.25803859;151.8536206;34.05331521;32.6655087;40.32307283;141.302137;33.59262308;33.07717815;39.42141509;135.987742;34.57031891;35.20427347;43.37700842;145.8463256;36.94983402;36.76661139;45.07365452;151.2508053;34.15400648;32.35390674;35.65283106;119.9136733;29.1204164;29.94446523;38.69270578;125.9274093
S34;dots_motion_both;15.12775451;19.05527576;32.22219297;128.263668;6.694381581;10.58696844;23.70551586;91.51986087;16.50774973;21.42274506;36.88510436;120.8754484;15.78566408;16.34271269;26.29027974;89.90016145;34.20265559;35.59895344;46.57765694;153.3286004;35.59689025;33.18041685;39.13546391;144.4385355;33.69458291;32.22530165;41.19221501;120.8785848;30.68381353;28.69858537;35.03779931;134.7204709;30.52332971;31.58314875;42.7316697;127.5101441;28.03102473;21.8796969;26.21425037;78.19912129;24.68478466;25.05738049;34.99921482;118.9634596
S35;dots_motion_both;9.809313919;12.17748168;26.27105846;112.6487654;11.7506113;7.972987796;15.86563096;74.42537622;9.160281767;13.07375759;26.89499547;111.0674778;10.2473665;12.60858815;20.82555275;88.37930241;37.30051716;35.93663145;43.01217278;146.99474;37.78530759;35.50452159;40.33641183;143.248775;34.96541352;32.8351336;36.08858807;129.0363415;35.11523735;33.05995783;39.01417978;133.5814112;34.26483806;32.13689017;40.41950825;138.8814205;32.60583758;27.57532782;28.03729568;97.44427637;25.30047247;24.28812777;31.6765394;117.5707886
S36;dots_motion_both;22.996537;18.6107998;40.72833902;115.8550659;16.37748166;11.68662947;34.43066839;72.21579245;25.2158611;19.46459106;37.92452716;102.4782795;20.96864974;13.99526843;34.30775312;94.9326568;36.61951695;37.17246387;47.71961896;147.1302725;35.82950719;36.67350927;45.04911591;149.0771496;35.25803249;34.7326421;44.01205893;145.2465335;34.68622777;34.69718646;44.75413776;144.7376917;35.61652759;36.30825782;45.33970017;146.7501016;31.85856442;29.79475721;35.7943523;120.4114348;29.54269059;27.31361055;41.00602717;123.8834978
S3;dots_motion_left;30.9319461;30.34895434;38.34469556;129.5827005;11.06554323;16.08017008;24.79574429;86.00545653;27.94111278;27.58554288;33.1607593;117.8065692;30.02722621;28.27541153;36.46428894;115.333575;25.76884968;32.08743792;42.73786222;148.2317806;36.18289192;36.14735706;44.67995443;153.0148633;38.15357834;36.66452764;43.94209026;145.4668803;28.18922411;32.5681741;43.97475617;145.3881622;26.12790167;32.18031495;41.32739326;141.8942962;34.32191538;32.17188313;37.81573235;121.1778884;28.87101894;30.41097736;38.72432768;130.3902172
S6;dots_motion_left;22.14604826;27.5913747;37.46842651;137.2502647;14.14018365;19.89510178;27.99884848;94.09096873;17.92822333;26.27353997;32.81933402;96.12822098;26.43492434;28.89660024;32.4896428;108.0256955;18.64136287;27.99024205;39.82268756;144.7655842;15.14019223;26.80188384;37.99678905;128.2701581;26.53457431;31.87043083;39.59483998;133.8578748;30.84284096;33.43692524;43.77720103;144.2684785;29.63895395;31.6169762;40.31034229;134.906892;23.20427058;28.3916393;32.09415469;88.73471907;22.46515745;28.27647142;36.43722664;121.0298857
S7;dots_motion_left;31.10521408;31.6509196;39.55332603;133.0555149;14.08803129;17.9880114;29.74753377;102.4462366;27.23348913;28.26312572;35.39692356;120.5133369;27.26163686;30.46042882;39.57859693;129.3669848;28.91667874;32.15366217;45.45063146;154.6980535;37.0865077;36.90598281;46.00405036;153.8335309;35.00388761;35.93622789;44.01132225;149.5545502;33.00856858;34.49060838;46.47646834;155.1727916;30.73251145;31.47587753;41.40014757;145.2175623;33.2767766;32.67512595;38.83513293;129.0689407;29.7713302;31.19999703;40.64541332;137.2927502
S10;dots_motion_left;29.78027483;29.02216985;38.7702657;122.8533556;15.81219341;12.71623835;26.18128051;88.43768878;25.63160008;22.72596273;33.72604953;110.6300826;28.27767425;28.38961821;35.30701779;113.2273301;31.55489913;29.63688609;44.91778178;157.1020761;34.5573564;34.86825968;45.48492434;156.3116818;36.62183148;35.74245276;43.78397601;149.9943649;32.59138325;32.16116594;43.7252161;152.6764579;30.66030335;26.29515478;41.2624751;144.4419621;31.1336873;28.08282445;35.11747703;123.3905891;29.66212035;27.96407328;38.82764639;131.9065589
S11;dots_motion_left;30.04144256;31.78915951;37.51738276;131.4376408;15.76137478;16.82822916;22.85398252;92.51331393;24.31498531;27.80416967;31.6196949;113.1120019;26.66386747;29.09844634;33.09795014;111.4292979;29.09022629;31.04080958;41.79898837;148.7159865;34.03224209;36.27870374;41.32892699;132.5771103;36.26480759;35.54985841;42.66869469;141.0195505;33.29939919;32.95621175;41.04889335;133.6935553;31.08723536;31.47570066;39.74799639;138.8617887;31.51804121;32.00613454;31.86948235;94.74845908;29.20736219;30.48274234;36.35519925;123.8108705
S14;dots_motion_left;25.61257603;27.23331576;39.42760657;135.1613403;12.39373815;14.91225767;32.14087063;107.3652216;19.92066852;20.63665895;34.89866175;112.3684381;22.78883217;25.85167218;36.38902894;109.1447117;25.43343944;28.07045003;45.10674564;153.3319499;28.56885816;29.38887723;42.67512262;139.120884;30.33725188;30.07553924;42.93878198;129.3271304;31.15049753;33.27743405;44.67073104;140.8002604;29.71538477;27.77168847;43.10183172;136.2550896;23.85747439;23.39590758;34.61699824;85.58302963;24.9778721;26.06138012;39.59663791;124.8458056
S15;dots_motion_left;22.95355704;27.69480115;39.63145795;106.8041534;6.414585474;10.43553552;24.96261948;50.95130703;19.33608269;22.81524536;33.77778301;85.55915579;17.99452162;22.91694817;31.975922;83.25138109;27.43077062;28.12653823;42.01308054;136.2011157;36.26225026;35.53318271;44.7403082;144.9657035;33.90555805;33.76634891;42.59949299;135.1272086;29.47758664;30.85150217;43.1754787;137.2754707;29.66690055;29.50746352;42.97907376;131.2566503;30.50488198;29.53592912;35.95575764;103.4515849;25.39466949;27.11834949;38.18109743;111.4843731
S16;dots_motion_left;33.90085253;30.46091244;37.67152011;136.8271106;11.8052788;12.38078709;24.38529756;103.3503057;30.31661896;25.47353311;33.64437792;127.5028699;32.09734591;28.94396676;34.13319709;108.1252723;23.59201025;26.62926983;42.57055973;151.5526805;36.85760817;36.01122255;44.37298838;151.6194481;37.20170968;36.24077251;41.76033651;139.729313;27.59549649;30.59960021;43.83143424;150.4908572;25.15003816;27.33352305;39.57136496;148.8582814;35.48971796;32.85916371;36.01085434;119.6503765;29.40066769;28.69327513;37.79519308;133.7706515
S18;dots_motion_left;28.47078995;26.82836165;38.12849632;123.9004763;11.07913765;11.08880375;23.70114989;70.16414205;22.80763237;22.01962072;30.97457336;106.5653167;20.88765636;24.44749477;32.48797947;109.2043508;22.67914345;29.76925198;42.71079095;140.4008031;32.24427187;35.46453562;43.95587937;151.8951098;31.17705903;32.58542075;40.45774929;138.0780124;29.26510045;31.82276059;41.63291962;141.1589985;28.53591859;27.42182859;38.73400865;126.4124155;28.08136735;26.41980019;29.43111121;109.5909926;25.52280771;26.78678786;36.22146581;121.7370618
S21;dots_motion_left;26.83347752;26.87022831;32.69405413;100.9438237;6.603102593;9.605402134;17.02566905;57.97543561;20.07455452;20.97590636;24.49421758;86.64055231;20.44453411;23.62385254;29.80085547;91.42599572;20.24004731;27.02538588;39.22854093;143.6515939;30.13701287;33.35160525;41.57226884;149.9483998;30.64713912;33.76316866;39.87129989;143.370622;29.40685009;31.35091813;43.5266308;149.5252478;27.68419703;28.51265962;36.13996663;137.4623969;31.37630131;29.33767996;31.62412136;124.0686185;24.34472165;26.44168068;33.59776247;118.5012686
S22;dots_motion_left;32.33830035;30.77186266;40.32813493;148.6774355;14.16619714;15.69266942;31.18804865;107.0571483;30.13253578;28.26866568;37.52170829;140.772735;30.98172355;27.39236099;38.37972614;145.4335303;26.94364101;30.4228903;45.78445821;148.883968;37.11622651;36.65883227;46.1906523;160.9422487;36.52577198;35.18227192;44.36687507;158.2672032;30.02859296;31.54402805;46.13540056;150.4865798;28.95302393;31.90018695;43.04619727;142.4992408;35.9849668;32.21047737;39.30464663;145.407011;30.317098;30.00442456;41.22458481;144.8427101
S23;dots_motion_left;30.86055682;31.97068891;38.10094128;139.8373765;15.35955996;20.8074788;25.66762684;104.8155135;24.91954639;28.12134604;32.20498641;118.9693067;27.57497705;30.53401409;36.62946374;125.6615515;30.86026079;33.97727176;44.10007459;153.8469179;36.10053262;36.25466085;44.27687118;149.9005987;35.73565842;35.30593808;44.35844597;147.9238611;35.04614563;35.47912409;44.26258357;150.0055219;31.66172729;32.37143839;41.34984394;148.1397153;32.18151919;30.94925905;36.57773795;120.4148929;30.03004842;31.57712201;38.75285755;135.9515256
S24;dots_motion_left;30.65502561;32.00513465;38.83754504;115.5345842;18.34105719;19.41731429;24.00020643;68.83135173;28.806756;26.5344791;30.06288367;92.28344794;26.80113286;27.7948221;32.75806536;98.36542941;32.78337526;32.8677289;40.27730529;139.5394339;36.54971916;35.40302942;39.64633237;134.9026682;35.36583811;35.2954996;39.56666403;133.9754641;33.6294329;34.60255062;40.10040495;134.8463474;35.23611182;33.76954485;38.42417907;132.1185405;32.39810643;30.16461912;26.73323245;93.15110237;31.05665553;30.78547227;35.04068187;114.354837
S27;dots_motion_left;21.7930031;19.34304128;31.02729571;116.0933911;14.85576009;14.15932823;24.22089582;81.64575833;17.64429466;21.37670828;30.13222455;111.5040423;17.7599277;17.37077076;26.80094538;96.1155195;28.92148006;35.57028764;44.48831086;137.1175091;27.09528153;33.33074659;39.38982591;129.3092941;26.71445562;33.94057821;39.6432034;129.5420267;31.62901592;33.38257173;41.56131077;135.4442313;32.45694275;35.49257607;42.25477872;140.0381417;23.52594702;28.123205;29.75807788;101.527127;24.23961085;27.20898138;34.9276869;117.8337041
S28;dots_motion_left;19.34662865;22.27932003;30.60584872;78.44541705;13.48878181;14.53247815;20.6953376;50.29928199;24.84780198;25.89061904;32.79578816;85.3599067;14.37856348;16.53265404;21.29854108;58.16413868;30.60268822;31.45461825;39.5835889;137.0251384;30.02129198;32.70121802;39.21101783;129.2180096;28.71072128;29.3237776;36.44140026;123.7566523;29.96006031;30.47066396;38.14635062;128.0790468;34.0760786;34.56465096;42.47306356;142.055915;24.86946795;25.06516535;27.03437347;93.27752894;25.03020843;26.28151654;32.82853102;102.5681035
S29;dots_motion_left;10.15275133;14.89274581;31.28295673;119.320978;5.717300509;9.244723152;22.14016804;75.57675109;12.18411815;16.24329837;32.40536847;116.3955109;10.66860102;14.70984554;28.09265731;99.08145952;30.54912889;32.31207288;42.21709032;137.1987789;29.53995919;31.80472103;40.5769979;142.5035892;31.59130869;31.24838596;39.88537074;125.7430932;31.99000021;32.52053137;40.18621102;133.0633462;31.93128822;33.2683336;43.19598494;136.914853;27.79640145;27.25344331;32.9677599;105.6972544;22.21208577;24.3498101;35.29505654;119.1495614
S30;dots_motion_left;25.45042117;26.29330939;31.09769263;102.6891293;18.76664694;19.02960168;21.90861396;63.03320339;27.81871738;29.38194395;31.32996954;101.5173251;26.92161987;25.1423876;27.9495535;79.93013793;34.45369278;36.00972893;45.01147747;149.6381815;32.75574496;34.83017844;43.51994718;147.9808446;35.11204068;35.61010351;40.78084476;138.2867437;34.1594171;33.21065785;42.67755834;140.2240516;34.55794233;35.61544741;42.485193;142.9527335;32.40952661;31.25428949;33.63548015;109.4098471;30.24057698;30.63776483;36.03963305;117.5662198
S31;dots_motion_left;10.90485742;14.16182777;26.47987037;92.16941636;9.936548351;9.561687206;18.30347908;52.85479544;12.79733822;15.94117518;27.84617894;92.73396185;14.62071183;13.91822908;21.51274103;64.22247576;22.64618734;25.79545078;37.04459375;130.4308402;29.55372633;32.98806994;41.50538207;144.2532428;12.52508343;14.25082694;27.12896995;108.8232796;26.06323766;29.02070774;38.0763541;129.0049176;28.31135758;29.76438041;40.73393311;142.339708;12.42229142;15.95935429;25.28367157;94.02508745;17.97813396;20.13617093;30.3915174;105.0857725
S32;dots_motion_left;15.46070264;21.93590999;34.44301692;126.1251599;7.541918761;13.06838291;24.48069724;88.8477455;16.86786297;23.54413291;33.47893442;120.4041074;17.22995982;20.39655779;31.62632039;109.3859051;35.53771298;35.2644665;46.18922133;151.6122638;36.89809761;36.88955217;45.42137817;151.6631207;35.4748186;35.45527661;44.43121335;145.4901452;32.79898494;33.2509419;43.45724009;143.4905362;32.71885894;34.38210427;44.12329803;147.4867457;31.87374475;32.36959519;37.4640677;120.199868;26.2402662;28.65569202;38.51153876;130.4705598
S33;dots_motion_left;12.19953066;20.61860974;35.37701726;119.1663724;8.366700954;24.94395475;37.88057478;114.2684076;20.674077;32.70082022;43.9032495;137.3561904;15.58309556;28.85847345;39.47285624;113.6980547;31.82015356;31.86837744;42.07667149;138.9423296;30.54878254;28.00921575;40.30498389;132.9601025;31.9233038;29.87721806;39.76999664;116.4174387;32.38273643;35.9077305;46.41500961;149.2858542;35.38564899;37.43731552;47.6316123;150.6480641;34.66954133;34.63040842;43.10420322;119.3303116;25.35535708;30.48521239;41.59361749;129.2073126
S34;dots_motion_left;10.19503866;19.03255806;30.41281466;125.6457535;6.040513072;10.6954332;22.67156661;85.09636344;12.85508121;20.57230751;32.73777257;114.0417079;10.59205729;17.11712131;26.81519128;85.5148313;35.71325978;35.3051522;46.4541713;150.0644952;32.92515168;33.14864222;41.34521474;140.6664471;31.40053997;30.61077543;40.56530821;118.6163813;28.45293228;29.28721331;37.98308896;131.5033287;28.87214081;28.84261288;41.18235306;125.6504916;22.62673369;19.99643789;27.70047815;74.95948691;21.96734484;24.4608254;34.78679595;115.1759287
S36;dots_motion_left;19.35740195;18.43128663;36.65806255;117.8440274;13.9745023;14.00637769;29.45712631;75.56379169;22.4543192;19.67506759;34.76310084;107.0071479;18.62570251;15.28316709;32.19360567;98.79049264;36.50975549;38.12670493;46.77574677;146.8776857;35.31634344;36.60624862;45.44356831;148.7241217;35.6348626;33.99549249;44.63599202;144.0384557;34.2660112;35.35941932;44.77865171;145.5784097;35.88188944;35.115871;45.74415914;147.3353954;32.23798986;28.66547897;38.27619763;123.6720119;28.4258778;27.52651143;39.8726211;125.543154
S3;dots_motion_right;33.03237293;30.23752264;35.93391645;99.3197225;11.77173927;14.64691324;20.84139605;46.13259153;30.63751198;26.61107685;30.87687125;82.32933864;31.70501249;27.05565127;33.6599864;83.1246978;23.90867692;28.45196154;41.98547027;133.4395134;37.40138583;35.18880902;44.39537607;150.6540787;37.62052195;35.11740355;43.05391659;149.539895;25.85473721;29.55325381;42.97221295;134.2898374;24.16536842;29.06109697;39.93575463;135.086784;34.71380116;29.6397479;36.58027789;120.8221736;29.08111282;28.55634368;37.02351786;113.4738633
S5;dots_motion_right;27.32028149;28.33874313;40.45649936;131.5962516;14.7115197;14.21116799;30.82016808;94.21279461;19.57676502;22.30937082;38.9325249;110.2368568;21.90257824;22.31418949;36.98075013;107.2267633;24.58700969;24.51262579;43.93804995;145.4792331;23.12340358;27.56650553;44.64433753;137.3524425;26.45430063;26.62507106;43.70632136;134.4051626;28.07705331;28.41825956;43.6945475;142.0844547;29.82600975;29.89344242;44.1765602;139.4949194;17.5819592;20.47423368;38.5482142;99.60928481;23.31608806;24.46636095;40.58979732;124.1698163
S6;dots_motion_right;8.947901489;22.30991481;34.16945967;135.3182875;14.45174358;18.13366285;27.00548268;64.95357962;20.81125958;23.75289133;29.1875273;72.03924463;24.41082924;27.72669571;33.94034145;69.92131288;6.967928508;21.92389982;32.78992779;106.5407031;6.640433675;18.92214352;27.74176124;98.08135084;13.04167028;28.75334788;36.99417592;89.83571366;32.0432331;33.80400145;44.65007392;134.6154081;26.27298616;31.27249745;38.35799547;122.0656873;20.22454389;27.47925966;29.4712631;64.87672937;17.38125295;25.40783145;33.43080085;95.8248017
S10;dots_motion_right;25.16560403;25.93187664;35.79577681;122.591248;13.10391262;13.24278461;23.99087915;90.53955605;22.57908961;23.11105259;32.48344258;111.811792;22.46953867;22.4957995;31.01107265;109.2810935;31.22540895;31.57086449;44.84549174;158.2250202;37.08107648;36.29192289;45.89297044;154.9242006;36.5854725;35.42154962;43.02717387;152.4078247;32.12004839;31.64569717;43.63509943;151.1055087;29.91427282;28.47889496;40.73097532;147.4044211;32.03424449;28.24455176;34.96021317;123.2262329;28.22786686;27.64349942;37.63730952;132.1516898
S11;dots_motion_right;31.21269359;30.75256884;39.92470079;134.4281305;15.53488981;15.03271787;25.15484869;95.3728606;22.31481898;23.6150613;31.98736552;112.0503;26.58756378;26.84466202;33.59311039;115.2228188;29.34984154;29.67332609;40.76785979;148.8241516;30.71606116;32.75303093;40.75913041;133.3282558;34.18388758;35.41370914;42.58667581;142.6480463;33.7989815;32.84990341;42.80636979;135.8186907;31.47389101;30.93370598;41.37482636;139.5673853;28.04434239;28.73008121;33.64349172;95.72532837;28.32169713;28.65987668;37.25983793;125.2985968
S13;dots_motion_right;30.83087323;25.95411539;35.84345606;130.5675723;18.04197615;12.16239635;21.43726357;80.92355708;29.14617613;20.28188506;27.23285827;107.9054752;28.64587473;25.0980097;33.27931365;119.9704689;31.53744549;30.64153962;42.84474186;145.4152266;35.62915839;34.9524753;41.98295435;149.4607497;34.69433132;34.97505079;42.07801543;143.7543867;33.37507849;33.74936898;42.55629712;145.3723846;32.2652287;29.27136254;39.14121007;132.1805178;32.86230346;29.52081832;31.0705735;114.0308969;30.70284461;27.66070221;35.74666839;126.9581236
S14;dots_motion_right;26.61956228;25.4511704;38.50925262;129.1186445;12.97939089;12.60936316;29.9957163;99.62583448;19.88848844;19.9058217;34.24826045;106.7008753;22.66955803;23.27254913;35.17039202;104.6782341;26.25421195;26.9783255;44.47070475;152.114077;28.46828001;29.20484491;43.21658113;138.6308493;31.90413942;30.19331933;42.81481073;130.6594882;33.02478733;31.97000745;44.17475124;141.2687787;30.87524827;28.89936178;42.89987006;137.2804222;28.48254984;24.74880073;35.00795139;88.72368095;26.11662165;25.32335641;39.05082907;122.8800885
S15;dots_motion_right;25.94581704;27.65661908;37.24591349;113.9245805;10.24643326;10.52874066;21.73411783;61.86857211;22.53890961;22.50399241;31.98503768;92.52358482;22.57685732;23.35348781;29.85215188;91.18174222;28.35179629;28.97346118;41.5400798;138.2185315;34.91832122;35.24101107;45.36901627;143.4111998;34.15389113;34.68791668;43.29024475;135.5410499;30.24147433;31.13061654;42.42571409;140.1893163;29.92110771;30.51441389;43.09508291;133.6320976;29.31453437;29.59501793;36.99702485;103.6281801;26.82091423;27.41852773;37.35343836;115.4118855
S16;dots_motion_right;28.56144026;26.39938413;35.75836268;134.6379545;8.638292315;11.78470128;21.76079714;96.36356685;24.52636839;22.41238239;30.28329128;122.540503;28.06063597;26.18666398;33.40212367;108.3513643;20.07283928;29.0995414;41.08654075;149.4345052;31.98748912;34.90757513;43.32470523;150.9351247;34.80837446;34.7292381;41.83989871;144.3626221;25.88935687;32.47119568;43.914284;150.7296147;22.41198458;28.56206461;38.50444983;150.7232918;30.72650779;31.51921032;35.45079815;126.3072425;25.5683289;27.8071957;36.53252514;133.438579
S18;dots_motion_right;24.41321757;29.91277105;39.94261927;124.7782802;9.940605048;15.23022159;26.80319289;77.23867489;22.89764174;25.6123691;34.6999563;111.0311269;22.96333934;26.90361898;33.77333133;110.9695584;23.24315548;30.16711691;43.28457928;144.4827219;33.0963173;35.50823438;44.4820488;150.3787595;30.37307899;34.54251155;39.743955;142.198823;26.99479926;33.03230541;41.70578727;142.0911772;27.59974485;29.92273433;38.8505315;132.4631924;28.96002946;29.20883353;29.83056351;113.6305319;25.0481929;29.00407168;37.31165652;124.9262846
S21;dots_motion_right;30.38987092;28.502058;33.44485335;100.6732074;12.23884478;10.10967145;15.89326258;54.23705497;22.1630985;21.7028243;23.2861503;82.81226071;25.25212273;24.5310647;30.14585503;92.73938876;22.35257482;25.3660171;38.78345446;144.3138935;27.17775013;32.38963994;39.87896945;151.8997656;32.92692971;33.24543544;42.3248959;148.1095787;26.8308798;30.05828704;43.02355955;150.9079333;26.49322633;27.43115751;37.61426586;139.934694;26.99392816;29.07043448;33.1299765;129.4381989;25.28192259;26.240659;33.7525243;119.5065976
S22;dots_motion_right;31.44142219;32.40991234;40.01292482;147.1187327;11.62452603;15.57983408;29.50629711;105.6693757;28.88500727;28.81546108;36.95543032;139.9177848;26.43524073;28.36773756;37.77529179;142.3198721;26.49789668;28.56295653;44.31373808;147.3738308;36.83559039;36.1096791;45.74536389;159.0194803;36.21731877;34.97659032;43.66023971;156.5967193;28.44648967;31.27243048;45.41026712;149.2259683;30.31194776;30.56569218;42.39186135;143.6166329;33.90390061;32.06043849;39.3385887;144.4240484;29.05993401;29.87207322;40.51100029;143.5282445
S23;dots_motion_right;32.02179244;30.32567442;39.3581398;143.4798159;17.27903022;17.82910557;27.66957713;111.9941747;27.71538202;26.86071507;33.76623748;124.2088193;29.46420668;28.18559596;37.58643629;123.6688823;30.89005015;33.4041077;44.51591995;154.8702008;36.96905985;37.00548495;44.62827821;149.9443471;36.38758375;35.87391403;43.4985739;143.032196;33.70578218;35.11063666;44.45705336;148.9149793;32.17971441;32.80201695;42.06769928;147.6477401;33.50388622;32.35764306;36.76020753;114.8658859;31.01164879;30.97548944;39.43081229;136.2627041
S24;dots_motion_right;32.37560023;31.97139401;40.1681964;120.291741;19.46693778;19.75211668;26.57111371;75.63122745;29.16687987;27.09607029;30.64270205;93.04907773;27.35885514;28.14965741;32.44853919;103.7499618;32.94215634;33.1069135;41.10332075;141.341808;36.91792396;35.27215433;40.31336203;134.5189197;35.42913812;35.32185037;38.21817845;134.1338354;34.71613342;34.88134989;40.32872106;136.6938493;35.01540104;33.99707388;39.17198301;133.1448302;32.91735528;30.49853257;25.87757726;91.40210722;31.63063812;31.00471129;35.48436939;116.3957358
S27;dots_motion_right;16.44468166;21.30014895;27.39748711;99.01871854;10.0552422;14.57562172;21.80660648;74.71063424;12.69870052;19.06756001;28.36076903;95.91978417;14.13356216;17.2275784;23.55471155;86.2694463;26.28956416;32.47636491;41.74581632;125.781587;22.57312873;31.93884572;37.48107545;117.4931227;23.99093404;30.01872798;35.39471804;114.7507797;30.55961503;33.52452279;40.93436511;131.8338566;31.22719862;34.59354458;40.49478544;136.5322221;20.73316801;26.25624905;27.0945898;91.80647814;20.87057951;26.09791641;32.42649243;107.4116629
S28;dots_motion_right;19.67610303;19.96754879;27.09577275;67.01659962;12.29887337;13.14356456;18.58714442;43.91039072;21.92583507;25.7794158;30.08851924;83.51470776;14.73634935;14.20142436;20.45646225;55.07471283;25.17558816;31.02137322;37.37669507;127.9115208;27.17233833;31.79973334;38.63985538;121.728258;22.7253642;29.27132934;34.03342743;116.3674612;31.35987017;29.21438892;37.13517439;124.8279085;33.76469917;35.11700328;42.53004951;139.2115502;24.48369288;24.58163694;28.2117242;94.03041902;23.33187137;25.40974186;31.41548246;97.35935287
S29;dots_motion_right;7.297664521;11.49582611;27.48178392;116.6614997;6.538729191;6.974668038;18.22359399;76.38533317;9.263929922;14.76906305;27.96045362;113.5896885;7.486407041;11.58486417;22.55418464;83.23545118;23.2236667;23.58901219;37.31100849;124.73461;21.70956869;24.85249712;37.00489501;135.3146463;24.04603796;23.53369655;35.48893036;96.81848737;33.28513525;29.53337022;38.31050998;129.8755419;34.67809466;33.18446016;42.02860464;135.7146241;29.29457081;26.35138386;30.83805221;91.95992952;19.68238047;20.58688415;31.72020169;110.4289812
S30;dots_motion_right;7.638484323;16.65839914;23.94854552;102.4187172;5.89383929;13.07217867;18.89168828;64.04111893;6.926320344;17.88417304;24.59505707;99.83496883;9.913844149;19.39162644;23.00193352;81.62169566;33.94026666;34.98142473;43.81420734;147.4020178;33.96506673;33.61000843;43.37428905;146.0192752;31.55348242;33.11141625;40.31053695;137.5809605;34.22480999;33.18145933;41.41173937;138.6813035;33.99443768;32.99395107;44.00891685;144.177018;28.81972053;27.19889713;33.75974757;110.0651627;22.68702721;26.20835342;33.71166615;117.1842238
S31;dots_motion_right;10.04221463;18.41066923;31.84767405;100.258335;10.57753491;9.902097105;21.06328618;61.67720488;11.45948037;18.49752328;31.53506105;98.36285166;25.18178545;14.90363426;24.33136591;69.51679336;25.41325842;30.5802292;39.48704863;140.7451499;28.86972097;32.24940929;40.15091495;132.1585556;12.51385256;28.15825974;33.85256197;128.155514;33.9190689;32.02901201;40.29654791;131.9374386;22.75186979;33.52624524;40.31490515;138.3935603;14.98124655;26.51022627;28.34302664;90.0422253;19.57100326;24.47673056;33.12223924;109.1247629
S32;dots_motion_right;24.66272569;23.93039782;36.98740252;130.8658848;19.15324409;14.83794572;27.30052652;93.60698605;26.45478386;24.54901468;37.85269813;124.0373208;25.7117834;22.80823465;33.20613669;113.1022846;36.56886808;35.36742254;46.02631125;152.5116987;37.96743969;36.29593937;46.11123672;152.4419469;37.34775155;34.25849123;45.05466026;148.1158619;35.67108021;33.10840457;42.89545507;145.4728948;35.60308393;32.76157855;45.23351568;149.6543579;36.20105096;29.70018686;38.99015752;124.3559626;31.53418115;28.7617616;39.96581004;133.4165199
S33;dots_motion_right;23.73995508;24.59971967;33.39222828;116.8933874;17.25598597;16.2570397;22.0701095;75.23082622;25.9426157;25.09679185;32.8219278;111.8988379;22.1904857;20.3345971;24.42982455;84.46997952;36.21291689;36.08886038;44.2040025;150.6364539;37.25085949;34.79164161;42.45218761;149.6044478;34.37151449;34.22050639;39.17821051;139.4433133;34.55448254;32.68553193;39.69076575;140.5486005;34.20525324;33.88996394;41.10191293;146.2304071;31.16431016;26.37179132;27.51812793;108.9253006;29.68883793;28.43364439;34.68592974;122.3881554
S34;dots_motion_right;11.7036093;14.62775069;30.82692993;129.750113;4.343172425;6.392344509;22.36292215;91.65183333;15.16245539;15.97822321;32.18170629;111.1542354;12.08999035;12.62085368;23.73740002;94.90570327;33.85235115;35.05366902;46.25711716;150.2513718;34.5856445;33.00505039;38.66081259;136.7455238;33.71031666;32.51828647;36.79572795;117.6461396;27.96887619;29.30361088;35.04582214;132.2469096;30.55083183;30.47095897;37.65067796;125.3782474;28.20398328;21.42837135;20.17004353;72.47274554;23.21712311;23.13991192;32.36891597;116.2202823
S35;dots_motion_right;18.411428;18.4708477;31.03914259;119.81051;9.858780455;11.38622538;16.91059516;72.74563881;16.20628417;19.94796592;30.45249215;111.2500153;18.12489093;18.49288214;25.30105922;84.60791221;30.99815766;35.63853322;41.2019436;139.1280445;36.36924484;36.14881023;42.55293686;141.5911134;30.89258725;32.68054112;37.08747579;118.675257;33.38604304;33.17641209;38.39278664;127.4406195;27.84597736;32.49318161;38.52640414;132.1719216;31.39810772;28.35803295;29.64316582;85.31781652;25.34915014;26.67934324;33.1108002;113.2738849
S36;dots_motion_right;19.78149142;21.61926988;36.44869527;122.0800041;12.76392642;14.75173279;29.27467921;79.66630134;17.37891774;21.72385336;34.26132063;116.6466243;23.01960022;18.95398566;31.30033575;94.15450593;36.34035772;36.88306521;47.04044749;146.1055019;35.37256016;36.63022469;43.13739689;148.8647906;33.92208366;34.97965961;43.67489319;139.1940409;34.79556343;35.1766547;42.89212626;141.1409891;31.36708049;35.94582058;44.35374312;148.2738543;27.93714423;31.0308261;33.77336989;116.952858;27.26787255;28.76950926;38.61570077;125.307947
