;Test;DeltaOz-O1O2;ThetaOz-O1O2;AlphaOz-O1O2;BetaOz-O1O2;DeltaOz-PO;ThetaOz-PO;AlphaOz-PO;BetaOz-PO;DeltaOz-POL;ThetaOz-POL;AlphaOz-POL;BetaOz-POL;DeltaOz-POR;ThetaOz-POR;AlphaOz-POR;BetaOz-POR;DeltaO1O2-PO;ThetaO1O2-PO;AlphaO1O2-PO;BetaO1O2-PO;DeltaO1O2-POL;ThetaO1O2-POL;AlphaO1O2-POL;BetaO1O2-POL;DeltaO1O2-POR;ThetaO1O2-POR;AlphaO1O2-POR;BetaO1O2-POR;DeltaPO-POL;ThetaPO-POL;AlphaPO-POL;BetaPO-POL;DeltaPO-POR;ThetaPO-POR;AlphaPO-POR;BetaPO-POR;DeltaPOL-POR;ThetaPOL-POR;AlphaPOL-POR;BetaPOL-POR;SCORE_1;SCORE_2;SCORE_3;SCORE_4;SCORE_5;SCORE_6;SCORE_7;SCORE_8
S3;Reposo_EEG _AO;23.69467526;29.63182048;39.15446041;132.2145235;10.8081406;18.2138763;27.87688316;101.7784017;20.63360357;27.0948179;33.61571811;117.0255697;21.13716517;28.87141358;34.96242521;118.3066863;23.06945989;29.3861942;40.79380424;147.6300032;34.56006527;34.09306798;42.26517466;144.5985513;34.26359774;33.81897311;38.639338;134.9104586;26.38197466;32.5004848;44.37015172;146.051162;25.41113091;30.52186786;40.36244918;139.9383021;33.00635333;32.23825555;33.94631243;107.8008636;2.19071;-6.8481;-2.05595;1.5027;1.62714;0.814018;2.64747;-0.736288
S6;Reposo_EEG _AO;25.40484374;29.97990069;44.33833357;132.3773915;13.19259297;16.40654217;38.11793023;94.37898524;16.99937032;26.08355486;40.92977701;102.7056462;23.98844877;25.95431395;42.26045448;112.8031068;25.33264861;29.5840293;46.18233322;144.779974;28.92722343;34.51864192;45.26737285;135.3138552;33.47559446;34.74469029;45.82980603;140.3223476;30.78702744;31.63445292;46.57971206;151.6511236;27.3888479;31.04372762;43.57237889;134.3889601;25.57626306;29.30347075;39.30548542;106.7601598;4.20729;-3.18407;7.56358;4.01177;0.510162;-0.773713;2.57318;1.91921
S7;Reposo_EEG _AO;29.94962819;30.39691348;39.73495235;132.2692024;20.30953243;17.47139959;31.91158651;108.1928478;26.93577076;27.7799675;35.97064476;120.9365612;27.38066423;27.90950455;38.96855025;124.2495643;31.57357938;30.28574265;45.26881727;155.8434485;35.84870306;36.13982933;45.43364605;153.5279851;32.70258131;34.02386077;43.31388969;143.166224;33.53463357;32.76401215;44.62660861;150.9799105;33.85763585;30.6673009;41.4410441;143.1934101;31.04854783;31.95981533;36.36886403;117.8781328;8.79019;0.595702;4.86191;5.45891;5.65477;4.7449;3.60808;2.31313
S10;Reposo_EEG _AO;26.31624508;28.85982902;42.81216703;135.3326754;11.51814885;17.56377773;33.94846919;108.6380386;22.13420727;24.50298705;34.70486707;124.454031;24.40104947;29.51246152;38.47355938;123.6053553;28.58419198;32.2660413;46.4816522;160.3450284;33.80367013;35.1990004;42.51924234;152.9081904;38.1990946;37.36931024;44.65371397;150.9100867;28.62485485;33.11106232;42.89173012;150.6567818;28.89761391;30.0649101;42.20399764;143.77593;30.85388562;31.07810708;33.47773368;116.7505259;5.09686;-1.7915;3.94677;6.64057;6.00126;4.24391;3.55318;3.69261
S11;Reposo_EEG _AO;28.10895641;32.6188597;44.1490967;142.1413419;14.67214225;18.80855095;34.65933746;102.6274499;23.67342208;28.43931736;38.36074473;118.7019917;22.13461429;29.28670645;39.70245813;122.7428264;29.91770097;31.0102459;44.86319338;148.2309694;36.17162868;36.61335298;44.89767207;142.7091401;32.09931087;33.75528012;44.19231213;140.8007875;31.76301243;33.07031617;43.19502679;140.7008012;31.61595328;31.31973535;44.23003533;140.7669769;28.80444594;30.59626849;36.31088403;108.6679173;6.62787;0.432761;5.41951;5.73269;2.16163;3.14125;2.89487;0.801815
S14;Reposo_EEG _AO;27.87553022;24.85037107;39.75460275;113.571508;16.14271854;13.27076158;27.46860225;86.63774956;28.17636462;20.80354864;32.15891787;102.2321833;28.40413913;24.4302421;36.99374891;101.1536229;22.8973928;26.71466613;40.85335707;148.0105559;31.35105635;32.22249325;42.29723508;133.8246576;28.65270828;32.43729098;40.53634111;136.9688751;28.75380952;33.05742692;43.32854063;139.2040683;26.10782018;30.44297321;38.69593441;135.6832649;28.6196818;30.49714257;33.04338242;97.62489445;1.13121;-6.72324;-3.81923;-4.38079;-2.78028;-2.59182;-0.725333;0.564873
S15;Reposo_EEG _AO;25.87400029;28.36541108;43.18219808;141.8774484;11.78261419;12.04991234;28.08505871;102.1557258;19.4093015;24.13289246;36.17389388;123.7001094;19.79364101;21.23111677;32.18126203;107.8492429;27.33292799;26.42099942;41.37205273;147.4919317;34.37650682;34.47283461;44.5769347;149.708976;31.95145014;33.16550303;40.65005847;128.8249038;30.89960934;28.29865727;42.20488935;143.0717213;30.24493796;30.55636483;42.33543223;134.7938469;28.56533976;27.6354131;34.44229441;98.05592407;-1.76363;-4.66506;-1.09392;0.900981;-1.32895;0.765833;-3.0238;-0.0439895
S16;Reposo_EEG _AO;27.57290487;27.60912033;37.51818857;137.0557952;12.13729795;16.89704719;25.06187942;106.0378679;19.14257407;26.09593389;32.539643;127.0543783;27.64812498;27.14283226;34.52626125;110.6219852;20.2118446;30.05988922;40.83913027;151.3035121;25.81741901;34.90531702;42.13304206;153.0135823;29.60517633;33.58020747;42.4860703;138.638787;30.89095862;32.90212187;42.48612858;149.4485486;19.84050979;29.52383093;40.40688419;149.148151;23.21110977;31.17187128;36.65568003;122.3923368;1.84351;-8.7586;-1.1976;1.80255;5.32916;-1.44466;3.02145;0.938473
S18;Reposo_EEG _AO;29.34807125;32.8255227;41.94390311;127.107107;17.76957884;17.54718224;28.66756465;82.31741869;27.17340996;29.28933274;36.5386899;114.3693074;27.07532143;29.31858109;33.23392357;112.1223672;28.96592574;28.86305522;42.45323596;141.6732338;35.54125952;36.40479912;44.14712259;150.5770834;33.70033622;34.76456599;39.38536783;141.6199522;31.61771563;30.4459986;41.20491287;139.3619256;29.57371615;29.13091036;39.36734825;134.995986;30.17370384;29.8517592;30.19163934;116.9509378;6.49267;-3.7657;-2.09546;-0.047264;0.346964;3.81627;-0.14166;0.52467
S21;Reposo_EEG _AO;23.60005334;30.02202959;38.16537456;101.1294901;8.635842594;16.37641435;23.95924717;62.14637772;21.44424108;25.31088055;28.21625177;87.07484079;20.53136499;26.65869503;35.25971961;92.98501133;21.16920765;29.39633509;40.38884886;142.3935062;36.21040203;36.1075644;40.44464634;150.8945767;29.25201619;34.00920585;42.15359421;150.9010988;24.77124787;33.8174505;43.03180851;145.1678533;22.16291064;30.63918986;36.77699695;138.4955493;30.79094052;31.77065038;30.18266203;129.0766048;-0.450978;-10.4935;-7.20998;-7.25044;1.63877;0.829102;1.9257;0.170712
S22;Reposo_EEG _AO;25.21818322;30.44680718;43.17154978;151.2265859;13.06235986;17.62438914;33.04681704;112.917527;21.95884262;27.57134852;38.86206527;143.6896285;22.1069091;27.36333802;37.55967919;145.2161397;25.23577245;30.60714509;43.9171039;146.1367691;36.08933798;36.45269901;45.32344698;159.3074733;36.08930884;34.39905725;43.39249123;154.496068;29.81619506;33.90448885;45.01231783;148.7125475;27.53740245;32.18851958;44.51621799;142.5738181;34.05036659;33.41848823;39.04412618;143.3567362;6.4982;-2.64244;7.30899;9.97051;9.26187;6.00247;6.96554;0.704519
S23;Reposo_EEG _AO;26.0936247;32.64141117;44.03124125;147.3779315;13.27963563;19.21345958;35.68123748;123.0082859;26.02806658;28.65650273;39.60644859;125.4115024;25.08004373;30.1112464;41.66395946;139.4954405;27.36015454;30.1648878;45.74621833;156.095372;35.31612973;36.79016323;45.65192969;141.3499427;36.19713247;36.87384593;44.67850067;153.2299999;29.29903028;32.98822352;45.82246357;148.3269409;29.62969497;32.40793767;43.476854;147.082356;33.68019144;34.57580214;38.88358277;117.3578086;10.0411;-0.823619;9.13866;10.712;7.6202;5.58061;6.90393;2.28116
S24;Reposo_EEG _AO;30.26992651;31.27118294;43.03885142;132.0401109;20.25919508;19.79697584;31.27348381;94.26960891;26.05998243;25.58081518;34.69781743;113.6781926;26.75843083;27.08600249;36.69114537;117.5987826;33.67944831;33.2852241;42.74306604;143.0972692;37.12353679;35.1878176;41.66742764;140.1892528;36.89676531;35.05955029;42.96115822;140.741259;36.47029829;35.03608776;42.86651044;140.0286399;35.57105787;33.7902696;42.24986087;137.1598481;35.23236924;29.97093369;32.69177285;106.5522332;7.3433;5.15743;0.908448;2.38073;-0.460519;4.32752;4.58637;1.0769
S27;Reposo_EEG _AO;18.49536936;20.0486186;34.29046507;123.8221973;14.16679161;16.54749002;28.68555701;86.81406746;21.69143829;20.69911344;35.53317931;111.2111308;19.19077146;18.11677602;30.95089679;107.1475143;31.57302931;34.45164719;46.48333858;140.6934881;28.18999724;33.78427438;42.33845601;133.3996733;31.49613533;35.57902224;42.31525789;142.4324513;33.55795188;32.19674551;42.32944663;136.5463527;33.41037319;36.79358956;43.52915582;139.2695335;29.46811616;30.68154079;34.86947725;108.168744;-5.55293;5.70064;-1.4922;-2.70819;-2.16894;-1.45682;0.477975;-1.2475
S28;Reposo_EEG _AO;17.66373218;18.76393257;34.0728081;101.3088909;12.21731539;12.85459825;27.45256889;77.33263826;21.15866363;21.19944305;34.92412186;105.6002972;11.44220096;13.83847029;25.21423374;79.58546056;32.95362185;30.44032666;45.8933239;147.2544209;32.95189592;34.00635614;41.98562192;136.6869956;28.70232851;28.41226426;40.48996571;133.1155999;29.34287254;28.66135795;40.4189074;133.4248598;35.18282684;35.82185088;43.33334777;140.549744;24.15289794;24.89145077;29.86362277;101.1244456;-11.9707;3.6668;-6.86977;-8.7505;-5.40477;-4.38641;-8.54518;-3.57872
S29;Reposo_EEG _AO;9.052544933;20.69911893;37.24883433;128.6540362;10.18805032;13.15147437;28.02849651;96.4701048;10.38591136;21.21266375;34.46370368;121.4127364;8.770244278;19.62121673;28.12910453;111.0734785;34.79290757;34.61345291;43.7565493;151.3778144;35.88368322;34.76511236;39.18355205;141.6680631;36.07254172;35.46138346;40.15654005;145.4632394;33.16177548;32.87825037;37.36745479;134.5770494;35.13255981;34.32580141;42.36201794;141.3330441;33.63792347;31.61613652;27.21589107;106.5709337;-10.7009;6.10643;-6.96143;-1.38959;-2.25219;1.10057;-1.36251;-0.767996
S30;Reposo_EEG _AO;18.16798937;23.16386372;36.33351687;103.9338227;13.15128665;20.60795171;34.31678704;85.04152942;19.31849274;27.54030763;38.87665594;110.3305421;20.74926987;27.02259002;35.49521674;97.35874238;25.06612019;31.28925664;44.35283331;140.97371;26.99173233;30.18686648;40.47934251;131.0426659;26.45960251;30.46000869;40.19631281;130.4524654;31.0661397;34.67449767;44.25726434;142.1613092;32.60067269;34.86272803;44.83760514;142.3663272;29.95243381;31.66558495;36.70345304;111.33449;-1.43929;1.90976;-0.352682;-1.90791;-2.07606;-6.37651;2.25211;-4.2815
S31;Reposo_EEG _AO;15.30556418;19.15217874;31.08008963;131.3934424;9.646622189;12.98543646;21.39674214;99.53918451;15.20916294;19.69023023;34.44300624;132.0525377;17.19149362;16.6523355;23.88997038;106.9600113;26.99988615;33.91985302;44.56906791;147.8565976;25.86277143;34.27048046;44.81862997;149.7645373;27.05540718;34.08776944;42.23416286;140.0373236;32.43577703;34.19622879;40.52545987;142.9551975;30.07519672;35.26719006;44.70767698;148.2427484;28.19284427;32.70653361;36.37522585;118.7086367;-10.3403;1.74623;-2.65365;-1.64706;3.13692;-1.74827;1.10282;-1.80391
S32;Reposo_EEG _AO;19.60887585;21.94663644;38.08833529;127.5931138;11.52349747;15.3626919;31.75932244;93.01222567;23.10553959;25.13221036;37.80653581;122.973613;20.88809789;22.18810591;32.65765944;112.3721281;35.27483435;35.79332961;46.65156619;151.5651552;37.72618445;36.93217274;45.11415198;154.5502187;35.48168607;35.9797063;43.96299272;148.4583402;32.16185983;32.14761686;43.12270833;144.8966605;33.18454366;34.20298028;44.65476125;149.2495185;33.4289763;33.30265995;36.13562386;128.7091764;-0.589171;5.2799;3.59766;3.09758;6.14839;5.69923;2.92024;0.255496
S33;Reposo_EEG _AO;11.44239931;19.45539715;37.17219599;120.174246;11.15566136;12.49918585;29.95060248;86.65438084;12.92107552;20.6662896;36.72663463;115.3639372;12.84746551;15.49384485;28.84053261;97.36518577;36.02435189;34.11051526;45.90350419;154.0158616;36.96923589;33.20552164;40.05458232;147.4393035;36.67330309;32.82817837;42.21418763;145.5217606;35.16412791;31.10456132;39.27411678;142.4226522;36.81761792;33.71229458;43.93251511;146.5133721;35.6059532;25.03505792;28.2553818;114.2535665;-9.91052;7.65732;-4.20862;-1.9333;-0.69556;0.825366;-3.49086;-0.180603
S34;Reposo_EEG _AO;16.26767102;21.13028136;38.22433558;121.196662;11.41485617;14.17704271;34.21040903;88.24706073;17.98715238;20.85793594;36.57602919;108.1314955;15.09512856;19.72770483;33.572231;96.1808902;35.49019492;35.64338643;47.87960662;150.4815056;35.43391187;31.65931205;42.89159669;131.2359008;33.71028768;31.4333919;41.40519491;123.2459909;31.85426594;29.34297041;42.16885688;126.8755086;32.00039626;30.41244067;42.43502625;126.9802847;28.44835086;20.52752948;31.71227532;78.87762563;-8.02498;4.47168;-2.09323;-3.22327;-8.86144;-2.794;-7.87241;-0.063597
S36;Reposo_EEG _AO;17.28359567;17.41948446;36.6545717;133.7297785;13.94454677;12.27419688;29.00569803;88.18234305;17.59122064;18.09763776;33.9187801;114.6109501;17.79440859;18.7911194;31.51128473;102.0059602;37.67496985;35.84595876;45.68591066;134.6209678;38.59447482;37.00283075;43.55188337;134.6119384;37.03494936;35.23022226;43.12320385;120.4455897;36.66756919;35.16231006;43.63778287;128.463802;35.73975085;32.944404;44.27718867;131.7955118;36.47155982;34.60536069;35.98345095;91.72008403;-6.91594;8.4789;-0.689871;-2.50525;-5.63014;3.80054;2.10127;-0.709469
S3;Reposo_EEG;24.20600235;27.84127962;42.40249179;142.4029221;14.57681959;19.64228871;36.77400339;113.4959852;23.34232793;25.1237943;38.03138882;125.4576764;24.81857506;25.67519891;40.60438404;128.352676;29.20532396;30.64031945;44.34992441;149.5505179;30.92602076;31.14580323;43.40651889;146.6708197;32.4876342;31.59726545;40.84999413;139.5887517;32.73342653;32.3986458;45.3703916;148.4115646;30.77895299;32.44917367;41.64593225;144.0025205;29.68153613;26.18091401;34.84145103;115.7581673;4.81369;-0.226797;4.1226;6.01231;2.6868;-0.995919;1.68209;0.447453
S6;Reposo_EEG;29.92849032;30.80508784;43.74667113;133.5534055;21.62465933;22.75780795;37.15019875;86.4844341;26.84602537;28.15113184;38.99303502;95.87437481;25.35229889;29.71274609;38.43049453;86.9346364;30.86333832;33.68998008;46.23062163;125.5752482;31.24932434;34.32557834;43.22870044;118.4430444;33.20169473;35.50569519;44.01436778;107.5273504;34.40153646;35.84016742;44.90557643;136.2927163;33.55512402;34.41878644;44.10320277;125.517914;28.78809828;32.08373084;35.72353158;83.50885226;7.31418;5.60694;3.78299;-0.437831;-8.78249;-1.28521;4.18815;-1.7319
S7;Reposo_EEG;19.75694438;27.01249679;41.16768176;112.0683335;9.811676033;15.66709877;33.4415892;81.08798658;15.5621147;20.906843;37.42751227;103.2856767;17.56166895;25.59056737;40.04155764;95.40246888;14.16731482;27.21946597;45.26704009;150.9997619;12.25582164;28.89856328;46.39626462;155.2701992;20.50766461;30.58508604;42.45793287;145.1243783;28.239468;32.22022805;46.01458224;147.8565804;23.61481417;28.64346651;42.59538749;149.1164286;15.15988278;25.27071079;38.12552233;126.3987849;-3.37917;-10.8845;3.2905;-1.74052;3.21994;-10.9053;-2.16731;0.434093
S10;Reposo_EEG;21.10274922;29.20563761;46.53922649;137.5756658;13.56957462;18.91737604;41.84506033;110.4814569;19.16279646;24.91397942;40.97703114;121.5637193;21.27425782;28.45550803;43.71604976;123.6542593;36.05702278;34.06236039;48.5904453;160.5761817;36.89133309;35.78557838;45.335246;151.0357321;37.50474305;35.64332932;45.82196009;152.7014756;34.29308206;32.39378967;45.85589658;149.7237778;34.09427559;30.16046763;44.10379146;145.9974341;31.47131574;26.89753861;36.49313489;115.3534867;6.40164;4.6945;10.3084;9.82084;5.85307;4.885;2.83868;3.98811
S11;Reposo_EEG;24.23839448;30.24957225;46.35050864;139.5725917;15.05558552;17.48854662;39.67879106;99.05136618;19.97229747;25.02408781;38.33061874;112.5223921;22.3538992;27.73653821;44.17336519;122.4719843;27.7664536;30.52387083;47.20442196;147.2491995;34.74199416;35.46744932;44.91137656;142.8339101;30.03558333;34.70433015;45.636902;141.1192262;30.80630677;33.20317353;46.64750188;143.8298496;25.99729802;30.58790359;43.33921227;136.1235444;25.30863267;30.10005857;36.99593606;107.2811039;5.47191;-2.19054;8.0337;5.70446;1.44083;0.866249;2.59566;2.3001
S14;Reposo_EEG;31.29898077;30.34398904;45.04933375;116.9864308;22.09372573;20.78565668;37.59778141;89.12404943;28.81593705;26.29539792;38.89546314;98.21895845;24.86437841;27.53665095;42.15215132;106.0625271;32.89204563;30.58998486;45.90339508;148.3254873;36.46867798;32.05645237;45.18645974;134.1163431;33.06307512;32.03332238;44.16252489;140.7210371;35.10991017;33.28735623;45.40393885;141.7045914;34.75847242;32.15866746;42.87343476;137.3374667;31.55411506;27.3164132;35.84477144;99.18841113;9.15977;4.15729;5.85045;2.14848;-1.38412;0.802252;1.47687;1.33544
S15;Reposo_EEG;23.15062975;29.77169371;42.93584636;143.4323664;13.04818232;14.23108358;28.54878171;100.7255017;19.45405853;20.93734763;37.47864274;119.191888;20.29148221;23.23440195;29.41861933;107.2816273;29.36023332;28.90118029;42.17074459;144.9008395;33.19041196;31.16348153;45.08374531;143.0935642;31.89963718;30.97848413;38.70104889;131.3328729;31.17922708;30.41408168;41.57104494;137.6515528;29.35162132;28.28423104;42.70588304;136.2898936;25.07041532;20.81351303;31.40787386;96.30539687;-2.71619;-3.44254;-1.8914;-0.0880228;-3.7097;-2.40521;-5.51633;-0.145556
S16;Reposo_EEG;30.60969289;29.64195921;46.13338999;140.5763121;12.06863241;16.59894268;39.44249058;107.519583;25.6389559;25.6443546;43.17372327;126.5882931;25.31365366;28.05588818;43.94698039;120.4599831;21.09651816;29.21165005;46.43403177;152.6152706;32.14562757;34.57621499;47.31630574;153.0852181;32.27981604;35.01911672;47.14807251;146.4475119;27.4308389;33.45726625;46.30677773;150.3337761;26.58478235;28.92677689;46.17007371;148.0453545;29.89526139;30.96206242;43.11017144;123.7875006;8.34091;-4.65587;12.564;9.54728;8.14957;2.45422;4.82934;2.15582
S18;Reposo_EEG;21.41074266;28.80728491;43.98895191;133.0844956;16.03284966;15.33464429;35.3506088;94.14568629;24.01611991;26.74034778;36.45368785;113.8637535;23.88885224;24.9791413;32.72989235;113.3401776;26.48391722;28.29470185;45.00004548;144.0042764;29.85381694;34.83402748;40.27425243;145.0516931;27.52974386;31.92751066;36.82708755;124.4079304;33.16332298;31.38865609;40.00352991;143.9144551;33.27504802;30.71302591;38.22304626;126.6882686;30.7440772;29.50552862;24.37343108;95.95471377;1.35339;-1.74854;-5.14837;-0.808252;-5.19881;-1.675;-3.14793;-0.369431
S21;Reposo_EEG;25.21284295;28.90841255;40.37504349;103.3454086;12.29651107;16.41872439;27.54701973;67.57519205;18.01134063;24.92676333;31.01353501;89.87013482;19.55108913;23.02393454;34.94203693;91.61448553;26.38889128;28.2652385;42.41704351;144.964632;30.86716738;35.60867978;41.32680355;152.0153248;30.39441744;30.29211808;40.70118583;143.1509525;32.25143725;31.33245206;43.19446707;146.0313627;28.43050305;32.01481314;37.51256945;141.3915362;25.89581174;29.22198953;28.39400307;121.6250111;-1.22153;-5.23922;-5.99465;-6.53566;-0.256261;-1.40129;-1.35391;0.188392
S22;Reposo_EEG;28.9943589;32.53360005;43.89633358;153.2949559;12.34905546;17.86036633;34.01009907;112.8281179;25.89308123;27.75006439;38.34217134;143.8329332;22.33663825;27.88516197;37.16899014;144.5205373;26.07626996;28.59886186;43.41172355;144.6574355;36.21487063;34.03616812;44.21508298;159.0200313;30.60722613;34.17770335;43.41232615;154.5915992;29.27470696;32.2602651;45.26804414;147.221893;30.9258081;31.32610373;45.17357849;143.0787517;30.63489354;30.67486246;39.01166147;142.4762944;7.15053;-3.4864;7.04087;9.54241;8.09;4.05863;4.87331;0.107828
S23;Reposo_EEG;33.02790128;31.44219802;45.47588667;152.4214612;19.04425478;22.27745987;37.27450834;129.6186328;28.69839078;28.72311537;40.36563631;130.3465746;30.36177958;29.89199504;42.0090346;141.581262;30.00612096;33.69954005;45.36340046;157.6087493;35.01087175;36.04142664;45.2766738;146.6381466;36.27488537;34.77595118;45.37076195;150.9542231;33.99147622;34.78830267;44.60257452;151.2229384;31.12443123;32.64452451;44.95936716;149.2219755;32.38061469;30.54638715;38.53605608;119.3136886;13.6353;3.3615;10.7385;12.581;8.43058;5.44338;7.315;2.80856
S24;Reposo_EEG;33.5154549;29.46458716;46.83502209;128.0184104;19.30771417;14.22235353;40.7035213;89.05168953;22.72837774;21.18868016;38.09511812;99.05405908;30.0299444;24.05807801;41.20036185;106.2082125;29.21770576;24.50076998;47.14561873;144.1043695;29.97940248;29.87580182;42.27119618;131.5610209;35.91692902;32.2115123;44.17925195;135.6171766;32.50349424;29.5116055;42.53016603;133.4743383;30.03398161;26.03347264;43.50834892;130.1212983;27.30715256;23.14553531;30.82820672;88.11438573;4.29549;-2.61204;2.86839;0.581334;-6.93691;-2.70655;-4.81736;3.22639
S27;Reposo_EEG;17.54025572;21.32416542;37.94864269;125.9192442;17.08461977;15.28897892;35.44197911;102.3151975;16.27848059;23.73984876;39.09963901;117.537772;17.43392187;16.67743522;35.12608927;113.51663;28.2351064;34.63585716;47.60238726;145.8460696;26.52616446;32.43957362;41.58065265;135.5545011;23.95828598;31.93997205;42.91513347;136.6560887;28.66453525;31.51994098;42.86320915;141.8254984;32.79725816;34.79363764;44.20863656;138.6464615;19.33794656;25.09053478;32.82905687;107.3194787;-5.79887;3.01372;0.925482;-0.151723;-2.56409;-6.5935;-3.8242;-1.62801
S28;Reposo_EEG;23.29682376;21.28313756;36.33629246;101.9026786;14.32142347;12.97612103;32.27561941;74.59482718;26.50778586;24.45676993;39.41610663;106.5739932;11.02457566;14.44161936;26.08825306;68.00500082;29.35749296;31.42831957;47.92635554;148.4901362;33.85815136;34.20696394;39.89437946;133.4733509;22.93286671;27.79035896;41.05494079;126.3690969;29.2208836;28.50644097;38.6740022;127.5556886;33.1159845;33.40677975;42.87066868;135.6874967;21.10607002;23.71935435;26.62628103;88.18555565;-9.44321;3.3727;-6.88143;-8.78568;-8.5453;-6.18838;-11.5494;-3.65302
S29;Reposo_EEG;25.59970906;28.36101804;41.82692932;128.4415842;14.88146332;22.2680241;35.32776569;98.06209191;27.28753214;30.19540681;38.85263524;121.0450486;20.05912999;23.13158165;33.96025621;114.6546739;31.7121791;37.23556905;47.28970794;153.9728233;35.74088395;34.81094413;43.71344238;141.8574381;33.4688946;33.15774383;42.04039291;147.9946812;30.39608128;31.99935993;42.15220393;135.3727229;34.27480101;34.63038076;42.72337392;142.6444398;30.1225665;25.78335829;31.23148839;110.8320241;3.94294;6.00933;2.24311;3.51693;1.54996;1.83856;-0.687167;-0.419124
S30;Reposo_EEG;28.50457694;26.89687358;42.67206749;127.0344461;28.31908421;22.88828664;38.48405558;101.8050352;33.99342479;27.11610303;42.14767872;124.2239907;30.30949614;25.25887157;35.0016931;105.8037601;34.13117469;35.28756882;47.60324913;155.7851684;30.94757909;32.69143785;44.05943046;143.9988158;31.150766;30.74442092;41.85636662;141.5683275;34.16681864;32.54539734;43.02791628;142.0733744;34.52671277;32.26747435;43.56524674;146.3940682;28.70085984;24.76429151;31.78761147;107.6283797;9.28939;7.59836;5.07572;4.51879;1.69974;-0.473968;-1.37394;0.523833
S31;Reposo_EEG;14.54856469;17.65074358;42.8124913;139.8399511;13.7606546;10.63618727;34.07300232;108.7612904;18.62874238;18.70702223;36.84280088;103.347154;12.58222173;16.15880658;37.82281962;117.0211783;24.030081;31.4020777;45.01093617;149.5243072;22.14496048;31.97468534;42.46670193;125.6221376;22.8497426;29.81229225;44.57751685;134.7870205;30.23905923;31.73889384;42.30830301;137.3087054;29.34939849;31.72307788;45.34363168;129.8436491;19.67556072;27.61588174;34.75006055;83.94634665;-8.79858;-0.75666;1.01738;-0.800481;-6.45672;-8.58619;-4.73015;-0.0335818
S32;Reposo_EEG;28.40665986;22.68037228;42.99262202;129.8796283;23.77988692;16.9144092;39.10392469;97.489636;29.55059317;23.12792226;41.78182097;122.539287;28.31241957;22.39667712;39.6016954;110.7113589;37.88403059;37.46067577;48.53806643;153.6059395;37.5303439;36.02701934;46.28520945;148.373675;36.90057838;35.06193308;45.14354751;149.1286599;36.23975956;34.34212119;45.96553647;142.5971439;37.05019279;34.25452662;45.48343265;150.0529962;34.24907019;29.1874145;38.29059261;121.5154851;7.37283;10.8507;10.0157;6.22718;5.54873;5.82674;3.71259;2.1776
S33;Reposo_EEG;21.58142721;26.18119051;42.07474651;127.4463482;17.08134608;18.3087981;36.78910607;98.85164931;25.47918574;26.45913276;40.0002484;117.9618614;18.28921048;17.09966029;31.10579762;95.38464036;33.23259802;35.48760396;47.93501782;156.4787505;33.27319014;33.51573348;41.84888035;136.900047;32.8311308;28.60290285;39.70079967;134.3774584;29.41712888;31.21605547;41.52927483;133.2147878;33.96545918;31.28488735;40.74678027;137.8912304;27.62840517;20.19152021;26.77230417;89.35509948;-1.18676;5.17858;-1.64182;-0.107319;-4.36961;-2.51915;-7.55719;-0.54013
S34;Reposo_EEG;20.09054097;22.92545232;36.66547747;121.9629239;14.98153931;15.52700062;31.79812523;96.15579196;21.09306179;22.9965077;36.06586088;114.8778607;17.39191118;19.86467272;36.24836479;94.39822698;35.51515014;35.27668631;48.18680345;152.267193;32.43339605;32.48776463;45.75618531;135.0070502;31.0391402;33.08470659;42.44725046;118.441075;28.72536063;30.00821609;44.80780772;130.9603463;32.04033464;31.30167197;42.38625858;130.2976514;22.81547587;22.91213193;35.25984957;82.67612153;-4.73199;3.12472;1.18126;-1.8056;-5.80941;-2.83669;-6.03719;-0.155527
S36;Reposo_EEG;23.44003902;26.37308499;42.03349894;128.8363429;19.66385502;21.26979751;39.22689192;97.40032875;25.68209511;24.23059135;41.7048371;122.2357847;22.19346037;23.45689459;37.20156421;101.2328275;36.1435446;36.68521184;48.32889976;152.0890451;33.69293695;32.61771163;44.57894712;143.3986609;32.15891838;32.22986922;42.32361264;136.7836249;33.31239399;31.64731198;43.82223656;135.8232357;34.76825286;32.12924753;44.31296106;146.4196523;27.03222894;22.66095928;33.86613979;103.7751882;2.9859;7.68906;5.23912;3.50929;-0.139981;-0.73408;-2.69147;0.0922325
S3;dots_motion_left;30.9319461;30.34895434;38.34469556;129.5827005;11.06554323;16.08017008;24.79574429;86.00545653;27.94111278;27.58554288;33.1607593;117.8065692;30.02722621;28.27541153;36.46428894;115.333575;25.76884968;32.08743792;42.73786222;148.2317806;36.18289192;36.14735706;44.67995443;153.0148633;38.15357834;36.66452764;43.94209026;145.4668803;28.18922411;32.5681741;43.97475617;145.3881622;26.12790167;32.18031495;41.32739326;141.8942962;34.32191538;32.17188313;37.81573235;121.1778884;5.9891;-4.53736;1.52044;1.97534;5.73289;6.16303;5.21208;1.48447
S6;dots_motion_left;22.14604826;27.5913747;37.46842651;137.2502647;14.14018365;19.89510178;27.99884848;94.09096873;17.92822333;26.27353997;32.81933402;96.12822098;26.43492434;28.89660024;32.4896428;108.0256955;18.64136287;27.99024205;39.82268756;144.7655842;15.14019223;26.80188384;37.99678905;128.2701581;26.53457431;31.87043083;39.59483998;133.8578748;30.84284096;33.43692524;43.77720103;144.2684785;29.63895395;31.6169762;40.31034229;134.906892;23.20427058;28.3916393;32.09415469;88.73471907;-0.277185;-6.16911;-5.65611;-2.73856;-5.49618;-10.6311;0.716006;-1.10162
S7;dots_motion_left;31.10521408;31.6509196;39.55332603;133.0555149;14.08803129;17.9880114;29.74753377;102.4462366;27.23348913;28.26312572;35.39692356;120.5133369;27.26163686;30.46042882;39.57859693;129.3669848;28.91667874;32.15366217;45.45063146;154.6980535;37.0865077;36.90598281;46.00405036;153.8335309;35.00388761;35.93622789;44.01132225;149.5545502;33.00856858;34.49060838;46.47646834;155.1727916;30.73251145;31.47587753;41.40014757;145.2175623;33.2767766;32.67512595;38.83513293;129.0689407;9.84848;-0.990435;6.38157;6.47973;8.79676;6.81609;7.37419;2.75951
S10;dots_motion_left;29.78027483;29.02216985;38.7702657;122.8533556;15.81219341;12.71623835;26.18128051;88.43768878;25.63160008;22.72596273;33.72604953;110.6300826;28.27767425;28.38961821;35.30701779;113.2273301;31.55489913;29.63688609;44.91778178;157.1020761;34.5573564;34.86825968;45.48492434;156.3116818;36.62183148;35.74245276;43.78397601;149.9943649;32.59138325;32.16116594;43.7252161;152.6764579;30.66030335;26.29515478;41.2624751;144.4419621;31.1336873;28.08282445;35.11747703;123.3905891;4.88816;-3.34958;2.16069;1.59861;5.65048;5.07857;1.55801;4.35383
S11;dots_motion_left;30.04144256;31.78915951;37.51738276;131.4376408;15.76137478;16.82822916;22.85398252;92.51331393;24.31498531;27.80416967;31.6196949;113.1120019;26.66386747;29.09844634;33.09795014;111.4292979;29.09022629;31.04080958;41.79898837;148.7159865;34.03224209;36.27870374;41.32892699;132.5771103;36.26480759;35.54985841;42.66869469;141.0195505;33.29939919;32.95621175;41.04889335;133.6935553;31.08723536;31.47570066;39.74799639;138.8617887;31.51804121;32.00613454;31.86948235;94.74845908;4.18736;-0.514469;-3.98603;-0.647907;-1.43136;3.25132;2.55758;1.26532
S14;dots_motion_left;25.61257603;27.23331576;39.42760657;135.1613403;12.39373815;14.91225767;32.14087063;107.3652216;19.92066852;20.63665895;34.89866175;112.3684381;22.78883217;25.85167218;36.38902894;109.1447117;25.43343944;28.07045003;45.10674564;153.3319499;28.56885816;29.38887723;42.67512262;139.120884;30.33725188;30.07553924;42.93878198;129.3271304;31.15049753;33.27743405;44.67073104;140.8002604;29.71538477;27.77168847;43.10183172;136.2550896;23.85747439;23.39590758;34.61699824;85.58302963;-0.893965;-3.65481;1.11311;0.968242;-3.24344;-5.10303;-2.59725;1.38935
S15;dots_motion_left;22.95355704;27.69480115;39.63145795;106.8041534;6.414585474;10.43553552;24.96261948;50.95130703;19.33608269;22.81524536;33.77778301;85.55915579;17.99452162;22.91694817;31.975922;83.25138109;27.43077062;28.12653823;42.01308054;136.2011157;36.26225026;35.53318271;44.7403082;144.9657035;33.90555805;33.76634891;42.59949299;135.1272086;29.47758664;30.85150217;43.1754787;137.2754707;29.66690055;29.50746352;42.97907376;131.2566503;30.50488198;29.53592912;35.95575764;103.4515849;-5.25082;-5.34252;-3.51131;-7.98634;-3.85605;1.39286;-1.64539;-0.578825
S16;dots_motion_left;33.90085253;30.46091244;37.67152011;136.8271106;11.8052788;12.38078709;24.38529756;103.3503057;30.31661896;25.47353311;33.64437792;127.5028699;32.09734591;28.94396676;34.13319709;108.1252723;23.59201025;26.62926983;42.57055973;151.5526805;36.85760817;36.01122255;44.37298838;151.6194481;37.20170968;36.24077251;41.76033651;139.729313;27.59549649;30.59960021;43.83143424;150.4908572;25.15003816;27.33352305;39.57136496;148.8582814;35.48971796;32.85916371;36.01085434;119.6503765;6.59391;-8.83218;0.330217;2.77667;6.43049;6.11967;3.03683;2.1863
S18;dots_motion_left;28.47078995;26.82836165;38.12849632;123.9004763;11.07913765;11.08880375;23.70114989;70.16414205;22.80763237;22.01962072;30.97457336;106.5653167;20.88765636;24.44749477;32.48797947;109.2043508;22.67914345;29.76925198;42.71079095;140.4008031;32.24427187;35.46453562;43.95587937;151.8951098;31.17705903;32.58542075;40.45774929;138.0780124;29.26510045;31.82276059;41.63291962;141.1589985;28.53591859;27.42182859;38.73400865;126.4124155;28.08136735;26.41980019;29.43111121;109.5909926;-2.49104;-7.88087;-5.61479;-5.31313;-2.43544;0.714416;-2.77426;1.20321
S21;dots_motion_left;26.83347752;26.87022831;32.69405413;100.9438237;6.603102593;9.605402134;17.02566905;57.97543561;20.07455452;20.97590636;24.49421758;86.64055231;20.44453411;23.62385254;29.80085547;91.42599572;20.24004731;27.02538588;39.22854093;143.6515939;30.13701287;33.35160525;41.57226884;149.9483998;30.64713912;33.76316866;39.87129989;143.370622;29.40685009;31.35091813;43.5266308;149.5252478;27.68419703;28.51265962;36.13996663;137.4623969;31.37630131;29.33767996;31.62412136;124.0686185;-5.47087;-11.6234;-10.6408;-10.8564;-0.185339;-0.632589;-0.44739;0.870604
S22;dots_motion_left;32.33830035;30.77186266;40.32813493;148.6774355;14.16619714;15.69266942;31.18804865;107.0571483;30.13253578;28.26866568;37.52170829;140.772735;30.98172355;27.39236099;38.37972614;145.4335303;26.94364101;30.4228903;45.78445821;148.883968;37.11622651;36.65883227;46.1906523;160.9422487;36.52577198;35.18227192;44.36687507;158.2672032;30.02859296;31.54402805;46.13540056;150.4865798;28.95302393;31.90018695;43.04619727;142.4992408;35.9849668;32.21047737;39.30464663;145.407011;10.0411;-2.91174;7.97558;9.36958;10.6617;8.44457;6.37387;2.23036
S23;dots_motion_left;30.86055682;31.97068891;38.10094128;139.8373765;15.35955996;20.8074788;25.66762684;104.8155135;24.91954639;28.12134604;32.20498641;118.9693067;27.57497705;30.53401409;36.62946374;125.6615515;30.86026079;33.97727176;44.10007459;153.8469179;36.10053262;36.25466085;44.27687118;149.9005987;35.73565842;35.30593808;44.35844597;147.9238611;35.04614563;35.47912409;44.26258357;150.0055219;31.66172729;32.37143839;41.34984394;148.1397153;32.18151919;30.94925905;36.57773795;120.4148929;8.57056;1.37918;3.09327;5.15494;6.86267;5.7166;7.16219;2.42723
S24;dots_motion_left;30.65502561;32.00513465;38.83754504;115.5345842;18.34105719;19.41731429;24.00020643;68.83135173;28.806756;26.5344791;30.06288367;92.28344794;26.80113286;27.7948221;32.75806536;98.36542941;32.78337526;32.8677289;40.27730529;139.5394339;36.54971916;35.40302942;39.64633237;134.9026682;35.36583811;35.2954996;39.56666403;133.9754641;33.6294329;34.60255062;40.10040495;134.8463474;35.23611182;33.76954485;38.42417907;132.1185405;32.39810643;30.16461912;26.73323245;93.15110237;4.24545;2.12057;-8.22276;-6.13738;-5.51576;2.41072;1.5183;-0.278443
S27;dots_motion_left;21.7930031;19.34304128;31.02729571;116.0933911;14.85576009;14.15932823;24.22089582;81.64575833;17.64429466;21.37670828;30.13222455;111.5040423;17.7599277;17.37077076;26.80094538;96.1155195;28.92148006;35.57028764;44.48831086;137.1175091;27.09528153;33.33074659;39.38982591;129.3092941;26.71445562;33.94057821;39.6432034;129.5420267;31.62901592;33.38257173;41.56131077;135.4442313;32.45694275;35.49257607;42.25477872;140.0381417;23.52594702;28.123205;29.75807788;101.527127;-9.60565;3.10283;-8.05694;-7.8822;-5.59253;-5.31303;-2.23471;-2.82793
S28;dots_motion_left;19.34662865;22.27932003;30.60584872;78.44541705;13.48878181;14.53247815;20.6953376;50.29928199;24.84780198;25.89061904;32.79578816;85.3599067;14.37856348;16.53265404;21.29854108;58.16413868;30.60268822;31.45461825;39.5835889;137.0251384;30.02129198;32.70121802;39.21101783;129.2180096;28.71072128;29.3237776;36.44140026;123.7566523;29.96006031;30.47066396;38.14635062;128.0790468;34.0760786;34.56465096;42.47306356;142.055915;24.86946795;25.06516535;27.03437347;93.27752894;-11.5108;1.88172;-14.7689;-16.3245;-9.65936;-6.78026;-8.01988;-6.28812
S29;dots_motion_left;10.15275133;14.89274581;31.28295673;119.320978;5.717300509;9.244723152;22.14016804;75.57675109;12.18411815;16.24329837;32.40536847;116.3955109;10.66860102;14.70984554;28.09265731;99.08145952;30.54912889;32.31207288;42.21709032;137.1987789;29.53995919;31.80472103;40.5769979;142.5035892;31.59130869;31.24838596;39.88537074;125.7430932;31.99000021;32.52053137;40.18621102;133.0633462;31.93128822;33.2683336;43.19598494;136.914853;27.79640145;27.25344331;32.9677599;105.6972544;-17.2775;0.896348;-8.66638;-8.14648;-5.78507;-4.47274;-3.97802;-3.22706
S30;dots_motion_left;25.45042117;26.29330939;31.09769263;102.6891293;18.76664694;19.02960168;21.90861396;63.03320339;27.81871738;29.38194395;31.32996954;101.5173251;26.92161987;25.1423876;27.9495535;79.93013793;34.45369278;36.00972893;45.01147747;149.6381815;32.75574496;34.83017844;43.51994718;147.9808446;35.11204068;35.61010351;40.78084476;138.2867437;34.1594171;33.21065785;42.67755834;140.2240516;34.55794233;35.61544741;42.485193;142.9527335;32.40952661;31.25428949;33.63548015;109.4098471;1.43134;5.71834;-3.98502;-5.7415;0.862396;2.65192;2.03774;-1.00105
S31;dots_motion_left;10.90485742;14.16182777;26.47987037;92.16941636;9.936548351;9.561687206;18.30347908;52.85479544;12.79733822;15.94117518;27.84617894;92.73396185;14.62071183;13.91822908;21.51274103;64.22247576;22.64618734;25.79545078;37.04459375;130.4308402;29.55372633;32.98806994;41.50538207;144.2532428;12.52508343;14.25082694;27.12896995;108.8232796;26.06323766;29.02070774;38.0763541;129.0049176;28.31135758;29.76438041;40.73393311;142.339708;12.42229142;15.95935429;25.28367157;94.02508745;-23.4289;-9.63484;-20.9164;-21.8982;-12.07;-15.883;-17.9549;-9.65899
S32;dots_motion_left;15.46070264;21.93590999;34.44301692;126.1251599;7.541918761;13.06838291;24.48069724;88.8477455;16.86786297;23.54413291;33.47893442;120.4041074;17.22995982;20.39655779;31.62632039;109.3859051;35.53771298;35.2644665;46.18922133;151.6122638;36.89809761;36.88955217;45.42137817;151.6631207;35.4748186;35.45527661;44.43121335;145.4901452;32.79898494;33.2509419;43.45724009;143.4905362;32.71885894;34.38210427;44.12329803;147.4867457;31.87374475;32.36959519;37.4640677;120.199868;-5.65514;4.19938;0.978802;0.317617;4.6853;4.73728;2.82407;0.26676
S33;dots_motion_left;12.19953066;20.61860974;35.37701726;119.1663724;8.366700954;24.94395475;37.88057478;114.2684076;20.674077;32.70082022;43.9032495;137.3561904;15.58309556;28.85847345;39.47285624;113.6980547;31.82015356;31.86837744;42.07667149;138.9423296;30.54878254;28.00921575;40.30498389;132.9601025;31.9233038;29.87721806;39.76999664;116.4174387;32.38273643;35.9077305;46.41500961;149.2858542;35.38564899;37.43731552;47.6316123;150.6480641;34.66954133;34.63040842;43.10420322;119.3303116;0.333837;6.51677;4.54931;5.68256;1.5051;-4.73397;7.41047;-7.45616
S34;dots_motion_left;10.19503866;19.03255806;30.41281466;125.6457535;6.040513072;10.6954332;22.67156661;85.09636344;12.85508121;20.57230751;32.73777257;114.0417079;10.59205729;17.11712131;26.81519128;85.5148313;35.71325978;35.3051522;46.4541713;150.0644952;32.92515168;33.14864222;41.34521474;140.6664471;31.40053997;30.61077543;40.56530821;118.6163813;28.45293228;29.28721331;37.98308896;131.5033287;28.87214081;28.84261288;41.18235306;125.6504916;22.62673369;19.99643789;27.70047815;74.95948691;-16.4972;0.294421;-9.65168;-7.67246;-9.43066;-4.30635;-10.9215;-1.09101
S36;dots_motion_left;19.35740195;18.43128663;36.65806255;117.8440274;13.9745023;14.00637769;29.45712631;75.56379169;22.4543192;19.67506759;34.76310084;107.0071479;18.62570251;15.28316709;32.19360567;98.79049264;36.50975549;38.12670493;46.77574677;146.8776857;35.31634344;36.60624862;45.44356831;148.7241217;35.6348626;33.99549249;44.63599202;144.0384557;34.2660112;35.35941932;44.77865171;145.5784097;35.88188944;35.115871;45.74415914;147.3353954;32.23798986;28.66547897;38.27619763;123.6720119;-4.62524;8.40974;2.88168;-1.89483;3.21927;3.37111;2.36144;0.132704
