;Test;DeltaOz-O1O2;ThetaOz-O1O2;AlphaOz-O1O2;BetaOz-O1O2;DeltaOz-PO;ThetaOz-PO;AlphaOz-PO;BetaOz-PO;DeltaOz-POL;ThetaOz-POL;AlphaOz-POL;BetaOz-POL;DeltaOz-POR;ThetaOz-POR;AlphaOz-POR;BetaOz-POR;DeltaO1O2-PO;ThetaO1O2-PO;AlphaO1O2-PO;BetaO1O2-PO;DeltaO1O2-POL;ThetaO1O2-POL;AlphaO1O2-POL;BetaO1O2-POL;DeltaO1O2-POR;ThetaO1O2-POR;AlphaO1O2-POR;BetaO1O2-POR;DeltaPO-POL;ThetaPO-POL;AlphaPO-POL;BetaPO-POL;DeltaPO-POR;ThetaPO-POR;AlphaPO-POR;BetaPO-POR;DeltaPOL-POR;ThetaPOL-POR;AlphaPOL-POR;BetaPOL-POR
S2;Reposo_EEG _AO;30.91472764944148;31.70765583614489;40.06805772175928;142.89973875733017;16.18085150199385;15.633457461330426;28.6936327492749;111.87470440183583;27.660438580661978;31.215344471933676;38.58207389990887;139.42497051448382;24.84371506388991;28.312687394611505;36.25750854111467;121.10771424668738;29.17006776071286;29.047213532372826;44.63976761935368;155.53594057658103;36.74352649387787;37.84252506817275;47.36102361055129;156.12774592708985;34.46924443945875;37.0277280068159;47.21723561858415;151.1700148547498;30.814462544376937;28.65378384662096;44.65776100356076;152.05418747142204;31.429213471205074;30.095542888367184;43.84099543437862;143.17211852111691;30.272558093679166;34.61798845144845;42.72843646183707;125.76146318436497
S3;Reposo_EEG _AO;23.694675257651294;29.63182047880162;39.154460411237075;132.21452345766687;10.808140602962343;18.213876296521306;27.87688316286847;101.77840168971649;20.63360356587753;27.0948179005103;33.61571811250668;117.0255696566854;21.137165170950002;28.87141357736423;34.96242520537697;118.3066862878066;23.069459892346416;29.386194197461577;40.793804237299746;147.6300032411191;34.56006527044067;34.09306797650238;42.26517465608994;144.59855134149353;34.2635977367067;33.818973109099936;38.63933799968748;134.91045856796913;26.381974663510817;32.500484796821375;44.37015172377158;146.0511620080227;25.41113090776844;30.52186786394237;40.36244918279391;139.93830212648191;33.006353331971;32.2382555456932;33.9463124324679;107.80086359875966
S5;Reposo_EEG _AO;17.56332761846732;25.645788269234323;43.60733937917291;139.9324415157668;13.25828891875368;14.347660656786251;32.10135389856969;106.36437756736885;16.327188665778674;22.93205831838798;39.33164518686826;120.22001103497385;16.611611431811635;22.084587766928998;37.64271561414932;111.31236130779212;34.876164780197975;28.582125773615772;43.07107392622943;142.90868188290136;36.31408020403272;30.329593108938923;43.721766652849674;130.15092420369257;36.559450860886614;30.62259263724287;43.081216685518335;130.64482037912245;36.34368846761748;29.532184868063496;41.42564286954746;131.81892225021426;36.43048939370699;30.52275580829575;42.884019791556234;135.22465855072468;35.38234080914809;24.946049945001988;35.20499860947103;89.38610298249282
S14;Reposo_EEG _AO;27.875530219139037;24.85037107497302;39.754602747315815;113.57150797191197;16.142718537748962;13.27076158002013;27.468602245088828;86.63774956476894;28.176364620772397;20.80354864421184;32.15891786668922;102.23218325102599;28.404139125045482;24.430242104958694;36.99374890969714;101.15362288010212;22.897392798380494;26.714666129005103;40.853357066160015;148.01055591645274;31.35105635471455;32.222493253342236;42.29723507525557;133.82465763537368;28.6527082784076;32.437290983953176;40.53634110704384;136.96887514085657;28.753809517209426;33.057426920302596;43.32854062713958;139.2040683469357;26.107820183313315;30.44297320728832;38.695934407187444;135.68326486425028;28.619681802774256;30.49714256969942;33.04338241550539;97.62489444749397
S15;Reposo_EEG _AO;25.874000285939104;28.365411081106547;43.18219808180949;141.8774484399612;11.78261419187781;12.049912341625781;28.085058712722613;102.15572582596526;19.409301499050716;24.13289246271119;36.17389388384383;123.70010941009097;19.793641007033347;21.231116766628695;32.18126203174443;107.8492428720781;27.332927987324464;26.420999424762805;41.37205273186269;147.49193170702904;34.37650682193649;34.47283460776682;44.57693469620644;149.70897600677364;31.951450135465812;33.16550302986148;40.650058466618546;128.82490376021528;30.899609341429937;28.298657267345394;42.20488934749497;143.071721318146;30.24493795577163;30.55636482532244;42.33543222951571;134.79384688110986;28.56533975906006;27.635413102936663;34.442294405428704;98.0559240715711
S16;Reposo_EEG _AO;27.572904873265056;27.609120333717765;37.51818857070342;137.05579520660427;12.137297953118068;16.897047188308132;25.06187941532882;106.03786791211647;19.142574065052706;26.095933885720484;32.53964299569284;127.05437825879571;27.648124982400354;27.14283226177066;34.52626125334666;110.62198521590571;20.21184460383222;30.059889215490912;40.83913027208976;151.30351211087793;25.817419006903606;34.90531701593392;42.133042059386206;153.01358231946801;29.605176331859305;33.5802074682596;42.48607029860943;138.6387869688981;30.890958623122934;32.90212187004052;42.48612857634112;149.44854864585028;19.84050979209931;29.52383093252437;40.40688419231896;149.14815096995537;23.211109770667846;31.17187127610558;36.65568003149442;122.39233684205823
S18;Reposo_EEG _AO;29.348071246393502;32.82552270330035;41.94390310826061;127.10710696335933;17.769578835820617;17.547182239413377;28.667564652526252;82.31741868508166;27.173409960785197;29.289332737001075;36.538689899098806;114.36930744386353;27.075321434326817;29.31858109411371;33.233923567398236;112.12236723642562;28.965925740213446;28.863055223279748;42.453235961516654;141.67323383087108;35.541259520108355;36.40479912024344;44.14712259413718;150.5770833589965;33.700336223701555;34.764565991548864;39.385367830678916;141.61995217199095;31.617715629522003;30.445998602683517;41.20491286720965;139.36192560317554;29.573716148629224;29.13091036108996;39.36734824852517;134.99598601031173;30.17370384327085;29.851759201372253;30.191639336997707;116.9509378012411
S19;Reposo_EEG _AO;23.274403875354615;31.18817975898599;42.95872787313302;137.91013572256384;13.624698579386385;17.299067592028155;32.00797940791535;91.83791775027883;19.877329002778957;25.398293848514363;35.7305050203971;108.13058320132006;19.46712565900251;23.273452266166437;32.51203630721994;106.02645132067471;31.746532717975438;31.12677576093315;44.079617888714594;143.59165313370823;34.46605388304833;33.507566263908444;41.04953209982739;129.06005263415224;34.6545132406518;31.549930105304167;37.90625589547532;130.48427416552695;31.595895734975002;31.059250964290563;39.37032633776643;130.0887451576127;33.6581446421849;30.725316577816624;39.3315561130353;124.91331464273563;29.875080082665797;22.78871388444307;24.93513768750954;77.02229714331443
S21;Reposo_EEG _AO;23.600053341010472;30.022029587457;38.165374562254975;101.12949014670974;8.635842593893017;16.37641434830354;23.959247166825733;62.14637771874854;21.44424108068188;25.31088055399337;28.216251769846213;87.07484078691357;20.53136498716067;26.658695027476654;35.25971960951108;92.98501132676543;21.16920764506407;29.396335089507183;40.388848858379184;142.39350615079638;36.21040203027057;36.10756439808226;40.444646340562095;150.89457671500264;29.252016194490423;34.009205847281166;42.15359421169517;150.90109875043763;24.77124786925307;33.817450503376946;43.03180851479554;145.16785330282477;22.162910644082878;30.63918986291911;36.77699695341917;138.4955492921541;30.790940522182996;31.77065038211124;30.182662030016466;129.07660484331242
S22;Reposo_EEG _AO;25.21818321973896;30.446807176395303;43.171549776965506;151.2265859097522;13.062359861312759;17.624389140250667;33.046817039081695;112.91752697227844;21.958842621066374;27.571348520920992;38.86206526938117;143.6896284712239;22.106909096022093;27.363338017057323;37.55967918648701;145.2161397279354;25.235772448044777;30.607145089655276;43.91710389766588;146.136769099592;36.0893379763751;36.45269901042967;45.323446975347835;159.3074732500231;36.08930883895113;34.39905725430938;43.39249122565031;154.4960679544186;29.81619505829895;33.904488848749374;45.01231783029837;148.71254751281364;27.53740244637504;32.188519575612915;44.51621798729787;142.57381805336576;34.05036659007628;33.41848822559398;39.044126180858825;143.35673615075137
S24;Reposo_EEG _AO;30.269926507677123;31.27118294460077;43.03885142181514;132.04011087467782;20.259195078245742;19.796975837268484;31.273483811230296;94.26960891385895;26.059982430346672;25.580815175665528;34.697817430546934;113.6781925824808;26.75843083255885;27.086002486695275;36.69114537092924;117.59878256550536;33.67944831275766;33.28522409906152;42.74306604019253;143.0972691526902;37.12353679157967;35.187817602554944;41.66742763897322;140.18925282126344;36.8967653083797;35.05955029434923;42.961158223152914;140.7412589673561;36.47029828842402;35.036087755305886;42.86651043743212;140.0286399456071;35.571057874640225;33.79026959938389;42.249860873057635;137.1598480975046;35.23236924135908;29.970933688121043;32.69177285027793;106.55223318472811
S26;Reposo_EEG _AO;16.563713288661518;20.53146647704262;37.05931021338676;120.68350481605742;11.47387370817584;16.115941823922633;31.160590286507457;90.07578429600953;18.086538745492096;22.080440988177358;33.12762987751387;112.33213828938173;12.394028352584714;19.028169876094367;31.448235960467244;98.9795961137819;30.61444285410367;34.23205236900983;45.50103807892641;143.30568780493502;30.41571989864057;34.499725923445;42.426198991550635;137.8928479278698;28.689603822631856;31.40391828863973;39.698894981805694;128.86869357014172;31.07897409359655;31.898250439716634;42.84320374580395;136.29473207830733;33.93297661651692;34.32309378889321;41.56936341551836;131.2673450322968;25.13227456830804;26.77749032375708;29.050813516281103;93.9203092671228
S27;Reposo_EEG _AO;18.49536936240221;20.048618595040598;34.29046506590029;123.82219726106476;14.166791611635613;16.547490023420302;28.68555700773634;86.81406746326107;21.691438294713286;20.69911344070161;35.53317931200823;111.21113077792228;19.19077145862026;18.116776017556603;30.950896786155393;107.14751429041402;31.573029305070435;34.45164718696917;46.483338581668804;140.69348805479683;28.189997237752266;33.78427438223025;42.338456005488666;133.39967326381299;31.496135333982885;35.5790222425515;42.31525788857478;142.43245128795786;33.55795187510914;32.19674550592438;42.32944662945889;136.5463526838467;33.41037318624611;36.793589564618415;43.52915581565832;139.2695334951253;29.468116161055875;30.681540788191;34.86947724996427;108.16874395212042
S29;Reposo_EEG _AO;9.052544932596906;20.6991189252722;37.248834333338046;128.6540362315357;10.188050315787898;13.151474373774388;28.02849650659005;96.47010479816213;10.385911361290962;21.212663752532897;34.463703676916175;121.41273644890171;8.770244278080277;19.621216732521447;28.129104528959548;111.07347847379816;34.79290757017611;34.61345290563229;43.756549304084665;151.377814398869;35.8836832156106;34.76511235875522;39.18355205483518;141.66806310903672;36.07254172383023;35.46138346061032;40.15654005359933;145.4632394192118;33.16177547884001;32.878250367224425;37.36745478986694;134.5770494300828;35.132559812680014;34.325801410998565;42.362017942315894;141.33304405020675;33.63792347294013;31.6161365218479;27.21589107441049;106.57093366818248
S30;Reposo_EEG _AO;18.167989372498525;23.163863723270627;36.33351686794903;103.93382267454547;13.151286654177301;20.60795170840717;34.316787037894755;85.04152942437165;19.318492743256407;27.540307633601817;38.876655938532025;110.3305420518531;20.749269869244955;27.022590017849975;35.49521673803192;97.35874237903289;25.066120194129862;31.289256644118016;44.352833312208126;140.97370997449343;26.991732332261428;30.186866475605385;40.47934250552793;131.04266587283695;26.459602505565748;30.460008693047985;40.19631280763291;130.45246535250635;31.06613970344685;34.674497670871034;44.25726434374661;142.16130920271442;32.60067269380124;34.862728025330284;44.83760514135692;142.3663272487412;29.95243380680843;31.665584951202746;36.7034530430263;111.33448999949937
S31;Reposo_EEG _AO;15.305564182624398;19.152178739501053;31.08008963318849;131.3934424113699;9.646622188960713;12.985436463062767;21.39674214368687;99.53918451121402;15.209162936215073;19.69023022769683;34.44300624489279;132.0525377140549;17.191493618456526;16.65233550016892;23.889970381169405;106.96001127308182;26.999886154437192;33.91985302021226;44.569067908929604;147.8565976357128;25.86277143270398;34.27048045657821;44.818629966388436;149.76453731866738;27.055407175216327;34.087769441681196;42.23416285573945;140.03732356511267;32.435777031788476;34.19622878718399;40.5254598744753;142.95519754119957;30.075196720163493;35.267190062138766;44.707676984766366;148.24274843244888;28.192844266225038;32.70653361115568;36.375225846761786;118.7086366951233
S32;Reposo_EEG _AO;19.60887584504342;21.946636439907174;38.088335287482295;127.59311375250893;11.52349746896748;15.362691901884975;31.759322437063307;93.01222566526044;23.105539592472745;25.132210358629344;37.80653580680757;122.97361302618631;20.888097887289582;22.188105906848484;32.657659439230535;112.37212808878155;35.2748343544106;35.793329607035545;46.65156618612329;151.56515517551236;37.72618444939556;36.932172744197814;45.11415198195671;154.55021872657562;35.48168607026973;35.97970629759394;43.96299271796585;148.45834016748697;32.16185983253208;32.147616863025036;43.12270833300689;144.89666046202473;33.18454365681717;34.20298028488202;44.65476125054865;149.24951851202127;33.4289763027569;33.3026599495472;36.1356238577215;128.7091763779556
S33;Reposo_EEG _AO;11.442399311770505;19.455397154117943;37.17219599273565;120.17424599072045;11.155661362998979;12.499185846204316;29.950602476691525;86.65438083659087;12.92107551675539;20.666289596020533;36.72663463145375;115.3639372121947;12.847465506825941;15.493844854785891;28.840532613953613;97.365185774581;36.02435189120236;34.11051526040582;45.90350419388436;154.0158615788707;36.96923588849617;33.20552163524988;40.05458232465116;147.4393035412893;36.673303085080875;32.82817836757572;42.21418763247692;145.52176056888874;35.16412791444834;31.104561315966375;39.27411677967131;142.42265221174074;36.817617923984784;33.71229457743789;43.93251510575359;146.51337209034065;35.60595320396327;25.035057916026847;28.255381796300444;114.25356645297663
S34;Reposo_EEG _AO;16.267671019033052;21.13028135975855;38.22433558229447;121.19666195741458;11.41485617273182;14.177042708130399;34.210409033653825;88.2470607329606;17.987152375684225;20.85793594132366;36.57602918943663;108.131495484694;15.095128560110373;19.727704829190174;33.572231001758475;96.18089019697327;35.49019492040368;35.64338642645709;47.87960661697176;150.481505561935;35.43391186969007;31.659312052443262;42.891596688310955;131.23590080487412;33.71028768199918;31.433391899874422;41.40519490543894;123.24599085852844;31.85426594228318;29.34297041259395;42.1688568834588;126.87550857862657;32.00039625986245;30.412440669246394;42.4350262466135;126.98028472721087;28.448350863754996;20.527529478038815;31.712275317469263;78.8776256344733
S36;Reposo_EEG _AO;17.283595673916928;17.41948445983804;36.654571701153166;133.72977846936732;13.944546767610195;12.274196882053982;29.005698028795006;88.18234305077019;17.59122063546817;18.09763775853081;33.918780095191885;114.61095012555106;17.79440858571535;18.791119398913285;31.51128473207178;102.00596019172195;37.67496985367118;35.845958761021706;45.685910660322605;134.62096783614086;38.59447482107815;37.00283075446687;43.55188336694292;134.61193836792086;37.03494936133561;35.23022226193925;43.12320384769414;120.44558970959335;36.66756919277723;35.1623100619609;43.63778286577866;128.46380203673536;35.73975085331264;32.9444039991764;44.27718866566721;131.79551182397665;36.47155981516042;34.605360691247256;35.98345095331435;91.72008402785508
S37;Reposo_EEG _AO;26.319420421656172;27.990681634927043;39.06463060155117;130.74206793992133;19.870157902679658;17.755975564779096;30.21975742931707;94.78611162970759;27.53451570494881;27.63591675056376;36.870076074986954;124.64671509796662;26.00013710663842;21.54492959585565;29.226414522509387;99.33450289860866;37.495630223674304;34.553722282193704;46.40316802445699;151.84018294787847;36.79140963771102;34.09273248948483;42.28527118714895;142.79324609095048;36.30028941814408;33.316127028689934;40.40401852756789;132.12635903253727;34.13532640922925;29.029912695276327;38.8765951078681;127.71820634519315;34.91697512290169;33.527910671706536;42.348597764482534;135.57061271302098;31.556503144661114;23.526414316276323;28.533219636429195;88.13573500403268
S2;Reposo_EEG;32.74111088575121;31.346000515604622;45.1167382882477;146.29497613865598;19.353286055097186;19.37162053912044;36.15127339269676;116.4821175732353;29.644877393043938;31.00211946418709;44.296567763498416;139.99525035108323;26.821626552088283;27.55067041871418;41.14491110054712;126.43400074883007;31.574394180965427;30.161712866021276;45.57895464679739;157.6043069496336;37.27628300770387;37.67233931983567;47.911689364130694;159.19738364270995;35.43285578414947;36.18303567399271;47.16012873767433;150.89236764896543;33.152449387093014;29.46432419930537;44.88452966037642;156.30665711911277;34.40029527453322;31.578340790147365;44.78000925489512;142.99112332876436;34.46387305740345;33.02024669428397;42.702961389582256;129.66802658812964
S3;Reposo_EEG;24.206002351917157;27.841279620114097;42.4024917919142;142.40292209772903;14.576819593640924;19.64228871097513;36.77400339451153;113.49598523540516;23.342327926268183;25.123794299797947;38.03138882041958;125.45767639418841;24.81857506077275;25.67519891162516;40.60438403784775;128.35267599288366;29.205323956709634;30.640319449484018;44.34992441049616;149.55051787859082;30.926020755489052;31.145803233563864;43.406518892693484;146.67081965339935;32.48763420394365;31.597265445153575;40.84999413450577;139.58875166112463;32.73342652621571;32.398645796991936;45.370391600191006;148.41156459461882;30.778952990764815;32.449173672530335;41.64593224606633;144.00252047376375;29.681536128927196;26.180914012465117;34.84145103169739;115.7581672645965
S5;Reposo_EEG;22.184157579137576;27.428860552684412;43.719154295321125;136.39207880290962;12.458606339253494;17.136064236086085;31.85874512461502;96.22531300958221;17.737343620687803;25.8716561345161;38.33010224323654;115.44199837749014;19.794870921756534;21.068559364156496;33.48633827993534;105.59939105448603;32.5823476008116;31.070032625179266;41.89392335431938;141.59101387781604;32.88552418685143;34.141692293930824;42.41633000099865;138.43578592701147;34.01432174899765;29.708753510410396;39.2077283328948;127.9090125099095;34.02463562337949;31.395703138672214;38.43041131587512;133.93119690857964;34.04146959930105;32.50522114601429;41.871433678506406;135.6521803426794;29.90367440344366;26.234233988891557;29.254494159374904;93.27352164584778
S14;Reposo_EEG;31.298980765294985;30.343989043182255;45.04933375025475;116.98643084804306;22.09372573251054;20.78565668475968;37.59778141371622;89.12404942807646;28.81593705034654;26.29539792053356;38.89546314299274;98.21895845053407;24.864378408953964;27.536650951842304;42.15215132354289;106.06252713625517;32.89204563366399;30.589984857426828;45.90339508357819;148.3254873030947;36.468677980859944;32.05645237428069;45.18645973730315;134.11634307058694;33.06307511613397;32.03332238174372;44.16252489035401;140.7210371229022;35.10991017430289;33.28735622570908;45.403938849687314;141.70459141727258;34.75847242175253;32.158667461714515;42.873434755711074;137.3374666765631;31.55411505629417;27.316413203267473;35.84477143879004;99.18841112720109
S15;Reposo_EEG;23.150629749985576;29.771693705571437;42.935846355039715;143.43236640602709;13.048182319190735;14.231083582409926;28.54878171330457;100.72550167698014;19.45405853071037;20.937347628962492;37.47864273796007;119.19188799181087;20.291482213188957;23.234401951490767;29.418619333311078;107.28162733800418;29.36023332193991;28.901180285445594;42.17074458719689;144.9008394944695;33.190411960193835;31.16348152908696;45.08374531033052;143.09356422748453;31.899637180209062;30.97848412743467;38.70104889317359;131.33287285369477;31.17922708054432;30.41408168058534;41.57104494124937;137.65155281178542;29.35162132175251;28.284231035945368;42.705883040793;136.28989363204198;25.070415318117686;20.813513025240656;31.407873860970717;96.3053968662358
S16;Reposo_EEG;30.609692894030815;29.641959213756603;46.133389993917525;140.5763121474082;12.068632413792198;16.59894267718346;39.44249058262454;107.51958303571206;25.63895589876714;25.644354595722127;43.17372326830493;126.5882930550018;25.313653660032536;28.0558881750134;43.94698038734476;120.45998309762723;21.096518157155575;29.21165005396145;46.434031766616734;152.61527056981055;32.14562756932528;34.57621499033857;47.31630574263771;153.08521809224231;32.2798160378886;35.01911671802928;47.14807250744319;146.4475119087081;27.43083889687569;33.45726624891553;46.30677773223899;150.33377610023155;26.584782350906817;28.92677688582689;46.170073705394465;148.04535454465935;29.895261391610518;30.962062418897418;43.11017143569622;123.78750064648271
S18;Reposo_EEG;21.410742656182958;28.807284908089137;43.988951912116335;133.08449555683438;16.032849664023445;15.334644289551859;35.350608801991825;94.14568628829619;24.016119907634454;26.74034777526755;36.45368785086536;113.86375345347157;23.88885223913968;24.979141303332007;32.729892353467676;113.3401776001543;26.483917216778977;28.29470185482451;45.00004548044269;144.00427644859593;29.853816937138944;34.834027482332715;40.27425242782626;145.0516931385036;27.52974385633472;31.927510660538477;36.827087545464366;124.40793039239249;33.16332297777802;31.38865609169261;40.0035299117685;143.91445506420263;33.275048021700144;30.713025908334668;38.22304626082329;126.68826857902903;30.74407719692484;29.50552861938636;24.37343107501096;95.95471377126321
S19;Reposo_EEG;33.335678509433166;32.81355699979959;47.44513554206541;136.19059706408444;20.298402786421956;20.166470713663017;40.04797907632285;95.36648338849102;30.85228100419419;25.16778067063907;39.43429400845513;108.53334410413702;19.596465472894238;23.36141732358184;37.77952123799209;96.14111617500677;31.866813491916112;32.946352418128235;45.79260130874359;144.87653664440376;35.638672916804;31.778523203942605;42.2163587868111;129.87485772036695;26.523311441387474;31.391729284911;39.68575791436727;123.28979925372832;29.84349786787713;30.39777103412753;42.53937400513808;131.73565380901925;32.47096720808505;32.90817772413044;41.6984852189071;129.4638772905922;21.041632730824382;21.529779432367388;29.8451748258713;80.27750897135445
S21;Reposo_EEG;25.212842948667287;28.90841254556897;40.37504348714595;103.34540864968604;12.296511065923726;16.41872438536351;27.547019733844365;67.57519204640512;18.01134063064496;24.926763332045432;31.01353500729412;89.87013481773812;19.55108912741459;23.023934540673373;34.942036926195335;91.61448553220688;26.38889128049606;28.265238496872442;42.41704350698026;144.96463203911696;30.867167384798464;35.608679777485804;41.32680355305867;152.01532482740345;30.3944174372159;30.29211808386413;40.70118582561878;143.15095247323848;32.251437252699276;31.33245206452118;43.19446706538685;146.03136272931326;28.430503045523736;32.014813135215526;37.512569452725025;141.39153618249043;25.895811743034557;29.221989534194556;28.394003070757723;121.62501106678978
S22;Reposo_EEG;28.99435889652915;32.533600047846164;43.89633358473433;153.29495586503992;12.349055459562472;17.860366326049217;34.010099069998205;112.82811792125992;25.893081230485386;27.750064390066072;38.34217134290385;143.8329331801931;22.336638253515765;27.885161974489286;37.168990141184594;144.5205372907565;26.076269957949208;28.598861862307004;43.411723554870036;144.65743553862862;36.2148706333563;34.03616812163395;44.21508297509309;159.02003134277498;30.60722612791163;34.17770335446367;43.412326150598076;154.59159922104368;29.27470695946635;32.260265103373555;45.268044138096386;147.2218929789006;30.925808095506824;31.326103730065004;45.17357848766807;143.07875174998986;30.63489354161494;30.674862462373824;39.01166146733793;142.47629444939227
S24;Reposo_EEG;33.51545489876821;29.464587164248233;46.835022088808145;128.01841043860168;19.307714165757158;14.222353534813436;40.70352130266509;89.05168953389655;22.728377744871764;21.188680155203976;38.09511811696125;99.0540590751109;30.02994439511012;24.058078006695247;41.20036185088808;106.20821250496692;29.217705761142632;24.500769982787233;47.14561873026556;144.10436947581314;29.97940248220915;29.875801821160096;42.27119618009858;131.5610208864032;35.91692901507213;32.21151229997013;44.17925195014227;135.61717658977636;32.503494243574615;29.51160549592025;42.53016602727331;133.47433834426633;30.03398161099892;26.033472640501806;43.508348916517214;130.12129828628747;27.30715256483589;23.145535311220396;30.828206721479987;88.11438572964099
S26;Reposo_EEG;20.522694765714668;30.23431024299466;42.32592958441013;121.31514097317486;11.906495926419861;24.90057119058769;36.39047951642575;90.00901739610995;18.810288274850993;29.011032122379056;37.67043094540149;113.83782508291954;17.440001336987216;24.81330493089472;31.505073754094862;98.25498745714981;29.138932232981578;36.27306491080548;47.086265698696295;146.27875681198407;29.021309489350962;35.23275708823234;40.952868629067055;132.26985229468016;28.712998236832703;33.4187742631124;38.61152166501032;130.1573963195001;27.062514189578327;34.96482619485881;39.90520304424702;128.33924509478902;30.438314240583406;34.761938343591396;40.64196269359591;131.4543031835635;20.309621311059743;27.49204657823013;27.47495491499614;89.37767911889264
S27;Reposo_EEG;17.540255716004044;21.32416541744083;37.94864269297417;125.91924421484467;17.084619767755644;15.2889789232316;35.44197910680987;102.31519745786704;16.278480591589073;23.739848763463556;39.099639006258805;117.53777200632975;17.433921865942814;16.677435221527524;35.12608927267515;113.51663002678211;28.23510639889781;34.6358571587473;47.60238725686016;145.84606961705055;26.52616445875809;32.43957362125126;41.580652645420564;135.55450105772016;23.958285982577667;31.939972047288876;42.91513346527496;136.65608867292636;28.664535246535582;31.519940979120232;42.86320914510441;141.8254983693081;32.79725816452521;34.7936376442308;44.20863656406358;138.64646148620733;19.337946561862374;25.090534776108502;32.82905686728414;107.3194787473208
S29;Reposo_EEG;25.599709057470513;28.36101804041982;41.82692932056994;128.44158421556736;14.881463321384025;22.268024096959376;35.32776568939359;98.06209191042115;27.287532139683677;30.195406810438282;38.85263524308971;121.04504860324806;20.059129989217407;23.13158164551797;33.96025620807949;114.65467392589414;31.712179104201304;37.23556905476978;47.2897079357454;153.97282325976238;35.74088395222972;34.81094412680257;43.713442383264336;141.85743807936294;33.46889460352682;33.15774382838862;42.04039290788988;147.99468121251476;30.396081280474647;31.99935992859324;42.1522039301556;135.37272290777832;34.27480100911194;34.63038075568693;42.72337392121666;142.6444397865949;30.12256650108639;25.783358292173453;31.23148839011886;110.83202408569335
S30;Reposo_EEG;28.504576942945455;26.896873584996687;42.67206749316095;127.03444614189877;28.319084209894974;22.888286638055312;38.484055581110574;101.80503519539072;33.993424786093286;27.11610303039533;42.14767871614242;124.2239907275337;30.309496136368878;25.258871571082942;35.001693102220436;105.80376012710188;34.131174688574916;35.287568823342255;47.60324913157861;155.78516844704154;30.947579089035592;32.691437848295855;44.05943046167071;143.99881582044168;31.150765999513375;30.74442091951675;41.856366621152524;141.5683274832176;34.16681864427281;32.54539733775537;43.02791628059955;142.07337442958448;34.52671277249632;32.267474345993556;43.56524674138603;146.39406824675945;28.700859843762384;24.764291512101508;31.787611471183787;107.62837973093545
S31;Reposo_EEG;14.5485646881133;17.650743575030027;42.81249130341506;139.83995108661927;13.760654601743962;10.636187272535981;34.07300231660377;108.7612904346079;18.628742378992285;18.707022225939475;36.842800875423826;103.34715402245496;12.582221734266653;16.158806582366523;37.82281961977323;117.02117825354851;24.030080995492924;31.402077698629302;45.0109361704794;149.5243072294195;22.144960484503443;31.974685338064113;42.46670193144861;125.62213756594579;22.849742600353945;29.812292246249875;44.57751685062774;134.78702050863154;30.239059227320652;31.738893838316436;42.3083030082178;137.30870537302752;29.349398493107685;31.723077876746782;45.343631679504185;129.84364905883604;19.675560724828628;27.615881743599495;34.75006054851717;83.94634664894915
S32;Reposo_EEG;28.40665985739684;22.680372282300784;42.99262202136289;129.8796283310104;23.77988691999023;16.9144092045886;39.10392468559767;97.48963600227975;29.550593172346552;23.127922260289406;41.781820972588655;122.53928700130689;28.312419574156188;22.396677115319466;39.60169539946897;110.71135886441489;37.884030587603235;37.46067576504023;48.538066432019754;153.6059394748974;37.53034390094784;36.027019337480795;46.28520944831665;148.3736750468284;36.900578376460295;35.06193308490762;45.14354751342459;149.12865994463053;36.239759559744456;34.34212118943416;45.96553646750894;142.5971438860825;37.05019279137234;34.254526617009255;45.483432652906956;150.05299617427252;34.249070187630906;29.187414504118305;38.290592605440956;121.51548505272586
S33;Reposo_EEG;21.581427211992764;26.181190506398917;42.07474650925708;127.44634823507113;17.08134607541153;18.308798097494215;36.78910607289546;98.85164931434852;25.479185740118744;26.45913275985451;40.00024839823217;117.96186139805242;18.28921048455362;17.099660286039835;31.105797621840015;95.38464035869548;33.23259802443764;35.48760395781794;47.935017820282056;156.47875047488475;33.27319013604165;33.515733482363;41.848880346601916;136.90004696080084;32.83113080096593;28.602902848033743;39.700799669030246;134.37745844009112;29.4171288848809;31.216055467013327;41.52927482885411;133.21478779677653;33.9654591759948;31.284887351438982;40.74678027339175;137.8912303929792;27.628405168312206;20.191520211822926;26.772304174812053;89.35509947999725
S34;Reposo_EEG;20.090540970698342;22.92545231657401;36.66547747341043;121.9629239098911;14.981539305736746;15.527000617720454;31.798125228561606;96.15579196345081;21.093061789511193;22.996507698182306;36.06586087800786;114.8778607151369;17.391911178237827;19.864672721190807;36.24836479267875;94.39822698375043;35.51515013629928;35.276686313763804;48.18680345282288;152.26719297843186;32.4333960492807;32.48776462593301;45.75618530789834;135.00705017534295;31.03914019992372;33.08470658927882;42.44725045975792;118.44107501778801;28.72536062623864;30.00821609158244;44.80780771502402;130.96034630837713;32.04033463875963;31.301671967654194;42.386258578503984;130.29765141430704;22.81547587294031;22.912131927871414;35.25984957174919;82.67612153259044
S36;Reposo_EEG;23.440039015142403;26.373084985672616;42.03349893672375;128.83634287870254;19.663855022315932;21.269797514121535;39.22689191753092;97.40032874987648;25.682095106250074;24.230591346582273;41.70483709927243;122.23578473055275;22.1934603653818;23.4568945873814;37.20156420757528;101.23282753853601;36.143544603228634;36.68521183998068;48.32889976162836;152.08904513050402;33.69293695236968;32.617711629107454;44.57894712139064;143.3986608804925;32.15891837807727;32.229869224461666;42.323612638491845;136.783624905254;33.31239399127056;31.647311978962502;43.8222365565421;135.82323574861695;34.76825285554929;32.129247527819615;44.31296105780872;146.41965228085056;27.032228938092203;22.660959284068618;33.86613979210775;103.775188171316
S37;Reposo_EEG;30.81004674240653;33.81597561939959;43.07608203803514;141.39323843891088;21.891042086286646;27.02952192621069;35.227639022690965;110.99614036823705;29.655061717264047;28.698983097189206;37.67386150933294;117.1892465314109;21.6501527192594;25.649744059184933;31.90840998454736;104.38601342449442;36.361185560202586;37.162197624994675;47.05619925719931;155.85575000639824;33.31786407953628;32.96925365276892;42.24483461237812;133.8608664723563;33.155178226705345;31.685568943770868;39.919746997236444;124.59170146250088;28.417331558532666;30.63870782969409;39.43266075229076;123.80304725788173;35.49524234291056;33.852781890907806;43.65966368503792;133.0755900706593;21.581017804199885;20.068822285970732;27.94071552108087;76.23725621901906
S2;reading_words_left;23.94936464464837;29.50139926325287;38.587806127238586;136.11738935735758;5.45362924059299;10.875440413708592;23.2232140784926;100.65165809594235;23.047415532172487;28.332779350592343;38.07868204536056;135.9286198014741;22.302910856492268;25.524445551274155;33.14705040056687;111.56324947016753;25.99200798935368;27.960821737303434;42.61449587753517;153.72055388512499;37.64990664070022;37.55129325042635;46.64743677171406;152.47344775131359;33.877815953235384;35.34387292503525;44.826187248622475;148.27983306347866;28.176733618907225;29.681408933912568;42.500641398788865;148.4824987960981;26.71434521720908;30.05874831560282;42.22605180705801;143.30695573800267;34.18214126192748;34.112966702364595;40.05650545498414;118.37678352930743
S3;reading_words_left;28.693525981866195;30.514173984412203;40.80040782798555;137.46985393780346;6.484492768285342;15.335497290599001;27.010597199313715;94.7560533452405;24.648722783320224;26.968753552478745;34.49362771747714;119.12044390392603;25.448658965903427;28.720195023929552;35.58610413870119;119.19567106731137;20.925233124716836;31.897440761138895;43.33903927522481;151.3408024609375;36.90466692664596;36.50512782613664;44.561872896049685;152.1403899044856;37.28284473666213;36.05168463032186;41.899010003699395;139.66248080921997;23.914662949512824;33.4501857949804;42.940556650230896;144.56387767438844;23.31943910561128;30.993399599121787;40.460738115124045;137.24344586775712;34.37184069359954;31.882677280880657;33.075883876178025;106.25808001456356
S5;reading_words_left;22.22486973630986;27.677808353606824;38.36331010172246;122.37606224177074;5.790207791855067;14.839818194780442;25.904716520358264;75.96459241500065;20.98468552380327;26.122637362775716;35.988645259721636;106.22113323037159;15.96676132653048;23.391436108967746;33.991574156516464;92.75168508445495;17.338902735219364;29.228962271023867;41.62120855329483;134.24241577580912;29.16434349608347;30.38463968202103;42.078208930956194;133.64586909618563;32.34154215756388;32.993243708525235;41.09421353121102;121.49422815203388;19.254652462169105;29.772631118009627;40.56821769615182;130.58192088593165;23.06307744747555;32.048761828281826;40.36535419620061;128.00992732999603;25.483077625937383;25.809425200345537;31.736740568185844;82.11442915433275
S14;reading_words_left;32.36787806543171;29.353055992135545;45.02754095886694;152.7264305114287;15.053281920413141;17.202106064897116;41.32096935633195;138.74869118299586;29.96255441956042;26.110700740176206;41.69075206407674;126.02876647485336;32.52061424765519;28.12134294041556;42.681865303960286;130.7643282230634;25.5621013020792;30.203343482700664;47.770158634029016;161.95835798464054;34.02661985274045;32.47656171229517;46.10221636491091;143.44274249594127;35.23775407587158;32.71081642970708;44.85175211434646;136.43772005853543;29.915860468065183;32.410079887495506;46.41792476607467;145.55826231968177;27.285155183990582;30.414172152096704;45.3950719848387;139.65247833608763;33.147857370106635;27.136459705551374;38.22643185159972;87.54311067701447
S15;reading_words_left;30.552900932409464;28.367414716433018;41.126368737764295;126.9077750372013;3.33928739901443;7.874616685760295;22.943624136559777;61.871233945158586;25.637634890942056;22.18721074708653;33.34700785150017;100.85332085900191;20.139673306100587;21.113299953737368;27.146363170517493;90.33547446709757;9.446171149165725;24.961551105786597;40.15133502330339;133.99312621293848;36.78496039094922;34.943563420948095;43.405491080925366;140.59039879558463;32.5911844639822;32.26067188655197;38.90074176381122;128.35771891271395;11.905526247433947;27.747644032504017;40.67887425401642;128.89829519413422;15.952379808028063;26.627365633374964;42.3799468757908;129.0728044315921;29.429817592882152;25.849624406968218;30.840166694895103;85.68366608093572
S16;reading_words_left;31.130258290737256;29.893957316010756;35.98451983604058;106.58257314459522;10.186690241996358;14.349818183207866;19.617974887544186;54.8948752892649;26.387412669735525;26.16091716405588;29.979513376019657;92.17561614285131;25.33073024120226;26.40160548922587;32.758788508885274;95.11933402536397;23.377148798366264;29.817525572140006;39.535863256703415;139.9042846170278;36.029150252637734;36.2105938175489;43.22367493675933;148.68471092320056;31.386063554202572;33.27057607897666;40.042379122397186;141.56255618022925;29.01556965514427;32.739641212113575;42.582275460828235;144.03481580872548;27.5761787395449;30.736598539878578;37.496652503521716;135.0585660316155;30.47795550383;30.902495746893635;33.608725476623576;118.88203123471561
S18;reading_words_left;28.37425716135021;29.796368412903085;41.692440499467715;135.1997970457998;5.572913126351955;13.85779330691407;26.25155802863728;87.60078779816038;22.12940993170878;24.583074349076792;34.059708544485474;105.48174901124338;21.2307844016957;25.325136269109297;31.186455436344428;111.46279336949875;20.968691629236794;31.181241250129034;41.95576657481663;146.27952081395534;34.574099906692155;36.022975157696486;43.372931278384755;138.0176778549185;30.399920868763097;32.10368468911573;37.35147299474585;129.77331694389022;25.785588848993953;32.868987912725586;41.34488459076097;140.41854007067852;23.49861824991102;28.44049189112266;36.541835641178395;118.32683734058084;25.009751297325124;25.666980630051036;25.49311012073981;77.32982047533463
S19;reading_words_left;26.303278885029812;31.21782707418184;45.20430135834116;144.72637487019028;9.847780184811405;16.063444120365574;33.91938515766469;93.9905093581181;21.493850034958164;25.604041424245676;38.42332822139469;120.83769965493515;18.592521179257123;24.288280519750785;34.35606743167069;113.48250416382369;29.6859202944969;31.93590691879033;44.300166125240004;142.17838523958295;32.42324962165584;34.62242777063415;42.71812218657409;138.22520955788846;32.31998809510137;32.97551050677656;39.14147877693021;132.54122197913497;27.9504665344649;31.531542225580374;41.454728763276;134.8267749369731;30.266376227944953;31.532208703890863;40.26212168433999;126.64800054547393;21.643461676210705;24.551111427685083;27.224957885699077;88.35321959395199
S21;reading_words_left;39.80237377580988;39.98902182250971;49.99545742042826;169.99148077613486;39.345957830140065;39.9664434508214;49.98430051297395;169.97085965898776;39.7095088754639;39.974408470069704;49.974506968329635;169.9690356336007;39.67853637729921;39.98742241757563;49.99283545565509;169.988359000648;39.82154109574369;39.99196748089419;49.99545582388201;169.99230377047456;39.89697248577919;39.985911190940996;49.98419281817914;169.9856540473401;39.94176149398967;39.99627930155023;49.9966527551527;169.99655589178502;39.78716480911234;39.985381417869526;49.98858464391983;169.99086047782498;39.8882357488333;39.99114085650855;49.99407165978081;169.99182050609136;39.85947987036484;39.98276673267887;49.9774481479455;169.98134240185294
S22;reading_words_left;31.401642688363424;31.375303097650622;42.89141081597282;149.28885186313698;9.235133371106734;14.483717998616338;31.105482211027944;102.49356312919784;28.008681422675515;27.068891564461694;37.175616339542536;138.14323465888782;27.275440475363546;28.09439122509714;39.82871014837323;141.3534626795377;22.29479966094627;29.67659083782639;43.97282933146238;146.8656187184834;36.91074991626168;35.6871040270999;45.18995397465759;159.58132024076286;35.75234719863123;35.94959625930669;45.15405995783329;156.32644810788207;25.390102656767098;32.135456941404115;45.357324754376705;147.66627092129676;26.380035856001257;30.774955879813476;43.40768443569877;141.74776727379964;33.739912138964854;31.780344282243412;39.81747301785283;139.22326664860702
S24;reading_words_left;29.868469634606683;29.22581109281049;42.73499134891887;117.80917915738846;6.958216648661784;14.549894666825136;35.89667965345057;69.52738265251921;22.54359270538918;22.66463249745768;35.53191558438299;82.4286280912294;23.817728857856807;24.802713847852125;39.53838731108436;82.3121210771348;21.29361418515588;31.101053045528417;45.85656601173287;140.40717170200526;34.60394266498963;33.82683769470901;43.58389487693597;132.81717359532496;33.334491061826725;32.06355026836545;40.575756766799756;109.58359469787041;27.545784257896795;32.40192038905324;43.82121697698477;130.94803244361194;25.876037815205272;29.83413057625272;42.27988479711625;122.45208528036275;30.10844017897859;24.154435933425646;30.824140285357718;62.82609327221413
S26;reading_words_left;12.037312972243058;20.72316637859054;39.01331174446752;126.14309176621327;5.710575336408812;12.48897235423267;30.443571635066366;88.28136835165955;12.040926507931932;21.35961723337968;36.34793511405425;109.68369880004002;9.10255010219063;16.731019887806003;30.162198006304656;89.15584069484939;33.05428440872043;34.196218991528724;45.92630160876667;149.1641291933567;34.74532020124275;34.945673037329236;42.446138958822445;125.26253234567683;31.973838919560517;33.73495048522568;42.03860384117943;129.9624086601603;33.393371672986135;32.94633281326192;41.610729307359755;125.35982883054012;34.040245660572026;35.48525877973576;42.95964364918801;127.07989586980926;30.041503213924205;29.46627060100119;29.566173653337323;64.90903366337325
S27;reading_words_left;12.534848887662367;19.131131816887883;30.98942619155561;111.90582927713675;8.853900643092757;14.555106096629613;25.847452309536784;75.69473778879788;13.733315118993712;21.390228477957788;33.24469350976138;106.59072931169976;8.861938324420613;17.584527652515185;25.88433456178747;85.15607883158978;31.293011891108396;36.360917153524824;46.35007938908812;142.24754424213734;26.952580092433127;34.61210946463975;40.18640702948752;130.31999684811376;27.395325111917757;35.969085906892;42.30576847553043;129.6289140812056;30.096199990969495;34.69564965939483;42.03130044706376;134.54481882958382;33.43511886384174;37.23075121545094;43.75403668161896;138.28633347332556;21.19531152478043;31.926751943076116;31.049517833838667;92.55945257034979
S29;reading_words_left;5.248424324411171;10.370118901122233;28.795149261836738;127.73067709895494;4.356933307366456;4.785374750621569;18.03861307599708;75.85872663254023;6.1126181439453795;11.569485295040355;26.515383453137236;118.81254116704764;5.635626280830531;9.819447011357813;20.947871733264957;86.22811081768162;30.765033987811307;31.931732575565654;43.10420290394072;127.63586290667169;30.200321582806275;32.64460168139079;38.43315286334078;138.35431647682014;30.137133914178328;31.832899281817788;39.59997443850789;100.17872388354283;34.91198820296786;31.742512263546494;37.89322484065556;125.18555265930794;36.015045521610304;33.44618004497231;42.286988322270005;130.16808951650958;32.44839944040105;28.970942326618708;25.878056077931813;82.1236007366222
S30;reading_words_left;19.781521939290375;27.441631857775832;36.40883568931264;111.62185162524437;10.857185395094078;18.739975046467073;27.439918705016833;67.14471639328926;20.190143021033713;26.445510798643546;35.23069122215018;110.11856960442017;19.677253963854273;25.11454695473455;27.741283620524353;87.71065111485693;35.08288299191701;35.85827115609711;45.572964714747805;148.3660042728396;35.59327102047821;33.98105724889302;40.95652564918831;142.16006994497292;34.58645404566272;33.66841575831072;38.57932172952587;139.55392974303754;33.668401841459186;33.19849401461131;40.48464413809419;131.77382847050234;32.68728272890306;33.26574121471832;40.960666741922765;138.44740281486813;30.42034436462089;26.075553192631684;26.495328128129994;101.56680699490943
S31;reading_words_left;14.65154627232953;14.539611480707052;32.035378928858655;83.04022270560498;8.835293013777495;6.958810717582503;17.999987824593127;34.567093445931846;17.573673267699423;15.222182351388334;25.886060889873225;49.60747961053004;16.206418166600898;11.910004616330845;25.196014504945573;61.37156493564015;35.4221131659049;35.3982555323657;42.717551842063294;141.37576175404104;36.95839241448303;36.357056139178724;41.42879150712491;127.64005842375687;34.397637161324155;35.21126910653702;43.95633563092325;146.95844606046182;33.788656975950715;34.167282134707754;41.71139400615004;136.79992977069676;33.8387441013921;35.71259942606497;43.62760303539972;141.90054809284248;33.16493661614663;31.905723069263743;33.77415072396036;95.0458330771076
S32;reading_words_left;15.428774696026302;17.46052320285432;40.893192090239964;104.10292467473997;8.829373722997646;8.808009589778742;34.5574036878683;61.69786041741699;19.187442056548775;19.481163961726274;38.652511323405655;98.07200252201953;17.080337453626335;15.843975320149074;35.8247105648284;87.43128496158133;36.56392354706975;35.84216912405483;48.00103496694247;151.31824783242013;36.490469310930145;35.844140227566704;44.679122561191335;144.64678825117647;35.79424043735949;34.72558266765969;44.99940570610725;146.14833513613468;33.613734331979096;32.23965404318896;44.348234308822335;133.69135866234976;34.32130014245739;33.811460812635374;45.45175669662927;142.08614166175545;32.71024511199258;28.846383930359664;36.014175043259634;104.798681193868
S33;reading_words_left;4.169819959620048;14.843056614040547;36.0571576428045;121.13496145357493;2.5740510689027998;7.929479965210691;26.048580483859137;77.37838895474188;7.260220906232053;16.53320658212295;34.4371762899724;107.32880912680366;5.020717605239102;13.93236349093387;25.790121024599095;80.9909443919562;36.25825378131211;35.05305288756032;45.22977157121471;150.16127629661094;35.893187031738144;35.40055049509708;40.54943539017436;136.93085401210965;36.169771092827666;33.86724230531601;40.299508255260854;132.69282057151474;33.90510189072424;33.90046755725784;39.58925857495096;133.40393809700993;35.70453994291441;35.17408330233867;41.785293262587004;137.97634875771564;34.806754301514935;30.952477469582234;26.99959246146823;83.59924887459233
S34;reading_words_left;10.630989801849438;18.097267364223804;32.61621824763499;129.91990831447197;3.781563018120946;8.346684812522696;25.47422429642833;91.29176273823872;13.041060344678527;18.713999245081094;35.631940584496604;112.16124921934586;13.608596668922441;18.086397456496584;27.94308426340859;100.35475351488283;34.73300301064634;35.10158616612655;46.69470426167605;152.71956622538374;34.5492082131818;32.79340037433824;42.211519015521915;134.58977836727985;32.508775199034034;30.842764121401746;39.008538574310506;131.30477095670284;30.94335332298349;30.492612060689694;39.74515164260259;130.77887521798382;28.535268470524343;28.231807167142943;41.151671594855856;132.64944152156392;27.438709020683763;21.207018254351482;28.58428351453419;78.15448843211709
S36;reading_words_left;11.600245982348685;19.57732630780852;38.21382636622845;137.02874832137115;6.961252912491843;11.287000877033606;28.755914729331987;82.64208588688143;13.203072702761503;19.490270031977353;35.464478465204834;122.27242721660829;14.079593939612531;17.733483035639313;30.216223209576615;97.93728012704204;37.60487511391795;36.399589088192215;46.19536315210647;138.73518843884244;36.7806290498491;36.166927378117464;44.478560734206205;137.43767596968692;36.09356057946978;34.35361898432843;42.48480383100017;135.54574249558902;35.75713838743965;34.4050469845303;43.290001941854534;127.85568756388146;34.51796566136244;34.03276913058765;44.77851698713739;140.0560880558037;33.608192640585344;29.52519130797777;33.98030912764836;94.67574983664909
S37;reading_words_left;20.819506037445578;22.93301412497727;36.64411191736313;125.7650959700103;10.865978686840517;11.53257989713277;26.978992174003796;86.87859238014899;24.236215866923473;22.98475482479821;33.171428326879486;112.26061037468799;18.792658308786375;17.23059179719124;24.719286138915347;91.56043062801572;35.004659178706035;34.49080675125548;46.85513607101633;150.79697974263874;34.48580747945508;32.95022510452459;40.29287201747708;132.358869372056;34.07298980014598;32.379610978879555;37.2523385055615;127.80954657304451;28.9915370125279;27.781473887674423;36.50831848810003;122.09118019502881;32.35488013077202;32.38590595725547;39.79067528562878;132.74247395082804;25.72411395404207;20.721275355942574;19.62267865579134;71.19044312690883
